2024-11-13 16:26:49,__desktop-qb9csk1_pcm_core_counters(total_)_clockticks,17223483663
2024-11-13 16:26:49,__desktop-qb9csk1_pcm_core_counters(socket0)_clockticks,17223483663
2024-11-13 16:26:49,__desktop-qb9csk1_pcm_core_counters(7)_clockticks,2096769840
2024-11-13 16:26:49,__desktop-qb9csk1_pcm_core_counters(6)_clockticks,2092305251
2024-11-13 16:26:49,__desktop-qb9csk1_pcm_core_counters(5)_clockticks,1900363555
2024-11-13 16:26:49,__desktop-qb9csk1_pcm_core_counters(4)_clockticks,1900504354
2024-11-13 16:26:49,__desktop-qb9csk1_pcm_core_counters(3)_clockticks,2321814024
2024-11-13 16:26:49,__desktop-qb9csk1_pcm_core_counters(2)_clockticks,2321693688
2024-11-13 16:26:49,__desktop-qb9csk1_pcm_core_counters(1)_clockticks,2294944542
2024-11-13 16:26:49,__desktop-qb9csk1_pcm_core_counters(0)_clockticks,2295088409
2024-11-13 16:26:49,__desktop-qb9csk1_pcm_core_counters(total_)_instructions_retired,13704397909
2024-11-13 16:26:49,__desktop-qb9csk1_pcm_core_counters(socket0)_instructions_retired,13704397909
2024-11-13 16:26:49,__desktop-qb9csk1_pcm_core_counters(7)_instructions_retired,1660989059
2024-11-13 16:26:49,__desktop-qb9csk1_pcm_core_counters(6)_instructions_retired,1661032821
2024-11-13 16:26:49,__desktop-qb9csk1_pcm_core_counters(5)_instructions_retired,1412931513
2024-11-13 16:26:49,__desktop-qb9csk1_pcm_core_counters(4)_instructions_retired,1413127634
2024-11-13 16:26:49,__desktop-qb9csk1_pcm_core_counters(3)_instructions_retired,2078058563
2024-11-13 16:26:49,__desktop-qb9csk1_pcm_core_counters(2)_instructions_retired,2077811588
2024-11-13 16:26:49,__desktop-qb9csk1_pcm_core_counters(1)_instructions_retired,1700231804
2024-11-13 16:26:49,__desktop-qb9csk1_pcm_core_counters(0)_instructions_retired,1700214927
2024-11-13 16:26:49,__desktop-qb9csk1_pcm_core_counters(total_)_l2_cache_misses,34248843
2024-11-13 16:26:49,__desktop-qb9csk1_pcm_core_counters(socket0)_l2_cache_misses,34248843
2024-11-13 16:26:49,__desktop-qb9csk1_pcm_core_counters(7)_l2_cache_misses,3610081
2024-11-13 16:26:49,__desktop-qb9csk1_pcm_core_counters(6)_l2_cache_misses,4341139
2024-11-13 16:26:49,__desktop-qb9csk1_pcm_core_counters(5)_l2_cache_misses,3319135
2024-11-13 16:26:49,__desktop-qb9csk1_pcm_core_counters(4)_l2_cache_misses,4402742
2024-11-13 16:26:49,__desktop-qb9csk1_pcm_core_counters(3)_l2_cache_misses,4763148
2024-11-13 16:26:49,__desktop-qb9csk1_pcm_core_counters(2)_l2_cache_misses,5156087
2024-11-13 16:26:49,__desktop-qb9csk1_pcm_core_counters(1)_l2_cache_misses,3909397
2024-11-13 16:26:49,__desktop-qb9csk1_pcm_core_counters(0)_l2_cache_misses,4747114
2024-11-13 16:26:49,__desktop-qb9csk1_pcm_core_counters(total_)_l3_cache_misses,7887838
2024-11-13 16:26:49,__desktop-qb9csk1_pcm_core_counters(socket0)_l3_cache_misses,7887838
2024-11-13 16:26:49,__desktop-qb9csk1_pcm_core_counters(7)_l3_cache_misses,969781
2024-11-13 16:26:49,__desktop-qb9csk1_pcm_core_counters(6)_l3_cache_misses,906491
2024-11-13 16:26:49,__desktop-qb9csk1_pcm_core_counters(5)_l3_cache_misses,902686
2024-11-13 16:26:49,__desktop-qb9csk1_pcm_core_counters(4)_l3_cache_misses,924200
2024-11-13 16:26:49,__desktop-qb9csk1_pcm_core_counters(3)_l3_cache_misses,987645
2024-11-13 16:26:49,__desktop-qb9csk1_pcm_core_counters(2)_l3_cache_misses,1024321
2024-11-13 16:26:49,__desktop-qb9csk1_pcm_core_counters(1)_l3_cache_misses,970667
2024-11-13 16:26:49,__desktop-qb9csk1_pcm_core_counters(0)_l3_cache_misses,1202047
2024-11-13 16:26:49,__desktop-qb9csk1_pcm_core_counters(total_)_instructions_per_clocktick_(ipc),0.795677485636011
2024-11-13 16:26:49,__desktop-qb9csk1_pcm_core_counters(socket0)_instructions_per_clocktick_(ipc),0.795677485636011
2024-11-13 16:26:49,__desktop-qb9csk1_pcm_core_counters(7)_instructions_per_clocktick_(ipc),0.792211039569919
2024-11-13 16:26:49,__desktop-qb9csk1_pcm_core_counters(6)_instructions_per_clocktick_(ipc),0.793835745160684
2024-11-13 16:26:49,__desktop-qb9csk1_pcm_core_counters(5)_instructions_per_clocktick_(ipc),0.743430581419408
2024-11-13 16:26:49,__desktop-qb9csk1_pcm_core_counters(4)_instructions_per_clocktick_(ipc),0.74351724137931
2024-11-13 16:26:49,__desktop-qb9csk1_pcm_core_counters(3)_instructions_per_clocktick_(ipc),0.895054758947725
2024-11-13 16:26:49,__desktop-qb9csk1_pcm_core_counters(2)_instructions_per_clocktick_(ipc),0.894992378479083
2024-11-13 16:26:49,__desktop-qb9csk1_pcm_core_counters(1)_instructions_per_clocktick_(ipc),0.740876120852133
2024-11-13 16:26:49,__desktop-qb9csk1_pcm_core_counters(0)_instructions_per_clocktick_(ipc),0.740833809251856
2024-11-13 16:26:49,__desktop-qb9csk1_pcm_core_counters(total_)_relative_frequency_(%),51.2605959890305
2024-11-13 16:26:49,__desktop-qb9csk1_pcm_core_counters(socket0)_relative_frequency_(%),51.2605959890305
2024-11-13 16:26:49,__desktop-qb9csk1_pcm_core_counters(7)_relative_frequency_(%),49.9235402427987
2024-11-13 16:26:49,__desktop-qb9csk1_pcm_core_counters(6)_relative_frequency_(%),49.8174328246419
2024-11-13 16:26:49,__desktop-qb9csk1_pcm_core_counters(5)_relative_frequency_(%),45.2485722310645
2024-11-13 16:26:49,__desktop-qb9csk1_pcm_core_counters(4)_relative_frequency_(%),45.2516930374809
2024-11-13 16:26:49,__desktop-qb9csk1_pcm_core_counters(3)_relative_frequency_(%),55.2819648597198
2024-11-13 16:26:49,__desktop-qb9csk1_pcm_core_counters(2)_relative_frequency_(%),55.2788440533034
2024-11-13 16:26:49,__desktop-qb9csk1_pcm_core_counters(1)_relative_frequency_(%),54.6421995443623
2024-11-13 16:26:49,__desktop-qb9csk1_pcm_core_counters(0)_relative_frequency_(%),54.6453203507786
2024-11-13 16:26:49,__desktop-qb9csk1_pcm_core_counters(total_)_thermal_headroom_below_tjmax,1.84467440715621E+19
2024-11-13 16:26:49,__desktop-qb9csk1_pcm_core_counters(socket0)_thermal_headroom_below_tjmax,18
2024-11-13 16:26:49,__desktop-qb9csk1_pcm_core_counters(7)_thermal_headroom_below_tjmax,20
2024-11-13 16:26:49,__desktop-qb9csk1_pcm_core_counters(6)_thermal_headroom_below_tjmax,20
2024-11-13 16:26:49,__desktop-qb9csk1_pcm_core_counters(5)_thermal_headroom_below_tjmax,20
2024-11-13 16:26:49,__desktop-qb9csk1_pcm_core_counters(4)_thermal_headroom_below_tjmax,20
2024-11-13 16:26:49,__desktop-qb9csk1_pcm_core_counters(3)_thermal_headroom_below_tjmax,18
2024-11-13 16:26:49,__desktop-qb9csk1_pcm_core_counters(2)_thermal_headroom_below_tjmax,18
2024-11-13 16:26:49,__desktop-qb9csk1_pcm_core_counters(1)_thermal_headroom_below_tjmax,18
2024-11-13 16:26:49,__desktop-qb9csk1_pcm_core_counters(0)_thermal_headroom_below_tjmax,18
2024-11-13 16:26:49,__desktop-qb9csk1_pcm_core_counters(total_)_core_c0-state_residency_(%),59.8
2024-11-13 16:26:49,__desktop-qb9csk1_pcm_core_counters(socket0)_core_c0-state_residency_(%),59.8
2024-11-13 16:26:49,__desktop-qb9csk1_pcm_core_counters(7)_core_c0-state_residency_(%),58.2
2024-11-13 16:26:49,__desktop-qb9csk1_pcm_core_counters(6)_core_c0-state_residency_(%),58.1
2024-11-13 16:26:49,__desktop-qb9csk1_pcm_core_counters(5)_core_c0-state_residency_(%),53.3
2024-11-13 16:26:49,__desktop-qb9csk1_pcm_core_counters(4)_core_c0-state_residency_(%),53.3
2024-11-13 16:26:49,__desktop-qb9csk1_pcm_core_counters(3)_core_c0-state_residency_(%),63.6
2024-11-13 16:26:49,__desktop-qb9csk1_pcm_core_counters(2)_core_c0-state_residency_(%),63.6
2024-11-13 16:26:49,__desktop-qb9csk1_pcm_core_counters(1)_core_c0-state_residency_(%),64.2
2024-11-13 16:26:49,__desktop-qb9csk1_pcm_core_counters(0)_core_c0-state_residency_(%),64.2
2024-11-13 16:26:49,__desktop-qb9csk1_pcm_core_counters(total_)_core_c1-state_residency_(%),20.4
2024-11-13 16:26:49,__desktop-qb9csk1_pcm_core_counters(socket0)_core_c1-state_residency_(%),20.4
2024-11-13 16:26:49,__desktop-qb9csk1_pcm_core_counters(7)_core_c1-state_residency_(%),19.7
2024-11-13 16:26:49,__desktop-qb9csk1_pcm_core_counters(6)_core_c1-state_residency_(%),19.8
2024-11-13 16:26:49,__desktop-qb9csk1_pcm_core_counters(5)_core_c1-state_residency_(%),23
2024-11-13 16:26:49,__desktop-qb9csk1_pcm_core_counters(4)_core_c1-state_residency_(%),23
2024-11-13 16:26:49,__desktop-qb9csk1_pcm_core_counters(3)_core_c1-state_residency_(%),18.5
2024-11-13 16:26:49,__desktop-qb9csk1_pcm_core_counters(2)_core_c1-state_residency_(%),18.5
2024-11-13 16:26:49,__desktop-qb9csk1_pcm_core_counters(1)_core_c1-state_residency_(%),20.4
2024-11-13 16:26:49,__desktop-qb9csk1_pcm_core_counters(0)_core_c1-state_residency_(%),20.4
2024-11-13 16:26:49,__desktop-qb9csk1_pcm_core_counters(total_)_core_c3-state_residency_(%),3.1
2024-11-13 16:26:49,__desktop-qb9csk1_pcm_core_counters(socket0)_core_c3-state_residency_(%),3.1
2024-11-13 16:26:49,__desktop-qb9csk1_pcm_core_counters(7)_core_c3-state_residency_(%),2.6
2024-11-13 16:26:49,__desktop-qb9csk1_pcm_core_counters(6)_core_c3-state_residency_(%),2.6
2024-11-13 16:26:49,__desktop-qb9csk1_pcm_core_counters(5)_core_c3-state_residency_(%),3.4
2024-11-13 16:26:49,__desktop-qb9csk1_pcm_core_counters(4)_core_c3-state_residency_(%),3.4
2024-11-13 16:26:49,__desktop-qb9csk1_pcm_core_counters(3)_core_c3-state_residency_(%),3.9
2024-11-13 16:26:49,__desktop-qb9csk1_pcm_core_counters(2)_core_c3-state_residency_(%),3.9
2024-11-13 16:26:49,__desktop-qb9csk1_pcm_core_counters(1)_core_c3-state_residency_(%),2.6
2024-11-13 16:26:49,__desktop-qb9csk1_pcm_core_counters(0)_core_c3-state_residency_(%),2.6
2024-11-13 16:26:49,__desktop-qb9csk1_pcm_core_counters(total_)_core_c6-state_residency_(%),0
2024-11-13 16:26:49,__desktop-qb9csk1_pcm_core_counters(socket0)_core_c6-state_residency_(%),0
2024-11-13 16:26:49,__desktop-qb9csk1_pcm_core_counters(7)_core_c6-state_residency_(%),0
2024-11-13 16:26:49,__desktop-qb9csk1_pcm_core_counters(6)_core_c6-state_residency_(%),0
2024-11-13 16:26:49,__desktop-qb9csk1_pcm_core_counters(5)_core_c6-state_residency_(%),0
2024-11-13 16:26:49,__desktop-qb9csk1_pcm_core_counters(4)_core_c6-state_residency_(%),0
2024-11-13 16:26:49,__desktop-qb9csk1_pcm_core_counters(3)_core_c6-state_residency_(%),0
2024-11-13 16:26:49,__desktop-qb9csk1_pcm_core_counters(2)_core_c6-state_residency_(%),0
2024-11-13 16:26:49,__desktop-qb9csk1_pcm_core_counters(1)_core_c6-state_residency_(%),0
2024-11-13 16:26:49,__desktop-qb9csk1_pcm_core_counters(0)_core_c6-state_residency_(%),0
2024-11-13 16:26:49,__desktop-qb9csk1_pcm_core_counters(total_)_core_c7-state_residency_(%),16.5
2024-11-13 16:26:49,__desktop-qb9csk1_pcm_core_counters(socket0)_core_c7-state_residency_(%),16.5
2024-11-13 16:26:49,__desktop-qb9csk1_pcm_core_counters(7)_core_c7-state_residency_(%),19.3
2024-11-13 16:26:49,__desktop-qb9csk1_pcm_core_counters(6)_core_c7-state_residency_(%),19.4
2024-11-13 16:26:49,__desktop-qb9csk1_pcm_core_counters(5)_core_c7-state_residency_(%),20
2024-11-13 16:26:49,__desktop-qb9csk1_pcm_core_counters(4)_core_c7-state_residency_(%),20
2024-11-13 16:26:49,__desktop-qb9csk1_pcm_core_counters(3)_core_c7-state_residency_(%),13.8
2024-11-13 16:26:49,__desktop-qb9csk1_pcm_core_counters(2)_core_c7-state_residency_(%),13.8
2024-11-13 16:26:49,__desktop-qb9csk1_pcm_core_counters(1)_core_c7-state_residency_(%),12.6
2024-11-13 16:26:49,__desktop-qb9csk1_pcm_core_counters(0)_core_c7-state_residency_(%),12.6
2024-11-13 16:26:49,__desktop-qb9csk1_pcm_qpi_counters(total_)_qpi_link_bandwidth,0
2024-11-13 16:26:49,__desktop-qb9csk1_pcm_qpi_counters(socket0)_qpi_link_bandwidth,0
2024-11-13 16:26:49,__desktop-qb9csk1_pcm_socket_counters(total_)_memory_read_bandwidth,5643379392
2024-11-13 16:26:49,__desktop-qb9csk1_pcm_socket_counters(socket0)_memory_read_bandwidth,5643379392
2024-11-13 16:26:49,__desktop-qb9csk1_pcm_socket_counters(total_)_memory_write_bandwidth,1048815552
2024-11-13 16:26:49,__desktop-qb9csk1_pcm_socket_counters(socket0)_memory_write_bandwidth,1048815552
2024-11-13 16:26:49,__desktop-qb9csk1_pcm_socket_counters(total_)_package/socket_consumed_energy,39
2024-11-13 16:26:49,__desktop-qb9csk1_pcm_socket_counters(socket0)_package/socket_consumed_energy,39
2024-11-13 16:26:49,__desktop-qb9csk1_pcm_socket_counters(total_)_dram/memory_consumed_energy,0
2024-11-13 16:26:49,__desktop-qb9csk1_pcm_socket_counters(socket0)_dram/memory_consumed_energy,0
2024-11-13 16:26:49,__desktop-qb9csk1_pcm_socket_counters(total_)_package_c0-state_residency_(%),100
2024-11-13 16:26:49,__desktop-qb9csk1_pcm_socket_counters(socket0)_package_c0-state_residency_(%),100
2024-11-13 16:26:49,__desktop-qb9csk1_pcm_socket_counters(total_)_package_c2-state_residency_(%),0
2024-11-13 16:26:49,__desktop-qb9csk1_pcm_socket_counters(socket0)_package_c2-state_residency_(%),0
2024-11-13 16:26:49,__desktop-qb9csk1_pcm_socket_counters(total_)_package_c3-state_residency_(%),0
2024-11-13 16:26:49,__desktop-qb9csk1_pcm_socket_counters(socket0)_package_c3-state_residency_(%),0
2024-11-13 16:26:49,__desktop-qb9csk1_pcm_socket_counters(total_)_package_c6-state_residency_(%),0
2024-11-13 16:26:49,__desktop-qb9csk1_pcm_socket_counters(socket0)_package_c6-state_residency_(%),0
2024-11-13 16:26:49,__desktop-qb9csk1_pcm_socket_counters(total_)_package_c7-state_residency_(%),0
2024-11-13 16:26:49,__desktop-qb9csk1_pcm_socket_counters(socket0)_package_c7-state_residency_(%),0
2024-11-13 16:26:49,__desktop-qb9csk1_pcm_socket_counters(total_)_package_c8-state_residency_(%),0
2024-11-13 16:26:49,__desktop-qb9csk1_pcm_socket_counters(socket0)_package_c8-state_residency_(%),0
2024-11-13 16:26:49,__desktop-qb9csk1_pcm_socket_counters(total_)_package_c9-state_residency_(%),0
2024-11-13 16:26:49,__desktop-qb9csk1_pcm_socket_counters(socket0)_package_c9-state_residency_(%),0
2024-11-13 16:26:49,__desktop-qb9csk1_pcm_socket_counters(total_)_package_c10-state_residency_(%),0
2024-11-13 16:26:49,__desktop-qb9csk1_pcm_socket_counters(socket0)_package_c10-state_residency_(%),0
2024-11-13 16:27:00,__desktop-qb9csk1_pcm_core_counters(total_)_clockticks,3554882535
2024-11-13 16:27:00,__desktop-qb9csk1_pcm_core_counters(socket0)_clockticks,3554882535
2024-11-13 16:27:00,__desktop-qb9csk1_pcm_core_counters(7)_clockticks,391718356
2024-11-13 16:27:00,__desktop-qb9csk1_pcm_core_counters(6)_clockticks,392053141
2024-11-13 16:27:00,__desktop-qb9csk1_pcm_core_counters(5)_clockticks,341125183
2024-11-13 16:27:00,__desktop-qb9csk1_pcm_core_counters(4)_clockticks,341441925
2024-11-13 16:27:00,__desktop-qb9csk1_pcm_core_counters(3)_clockticks,397936371
2024-11-13 16:27:00,__desktop-qb9csk1_pcm_core_counters(2)_clockticks,398183547
2024-11-13 16:27:00,__desktop-qb9csk1_pcm_core_counters(1)_clockticks,646569502
2024-11-13 16:27:00,__desktop-qb9csk1_pcm_core_counters(0)_clockticks,645854510
2024-11-13 16:27:00,__desktop-qb9csk1_pcm_core_counters(total_)_instructions_retired,1993338082
2024-11-13 16:27:00,__desktop-qb9csk1_pcm_core_counters(socket0)_instructions_retired,1993338082
2024-11-13 16:27:00,__desktop-qb9csk1_pcm_core_counters(7)_instructions_retired,225732978
2024-11-13 16:27:00,__desktop-qb9csk1_pcm_core_counters(6)_instructions_retired,224906807
2024-11-13 16:27:00,__desktop-qb9csk1_pcm_core_counters(5)_instructions_retired,168691676
2024-11-13 16:27:00,__desktop-qb9csk1_pcm_core_counters(4)_instructions_retired,168364155
2024-11-13 16:27:00,__desktop-qb9csk1_pcm_core_counters(3)_instructions_retired,237197274
2024-11-13 16:27:00,__desktop-qb9csk1_pcm_core_counters(2)_instructions_retired,237146821
2024-11-13 16:27:00,__desktop-qb9csk1_pcm_core_counters(1)_instructions_retired,365940380
2024-11-13 16:27:00,__desktop-qb9csk1_pcm_core_counters(0)_instructions_retired,365357991
2024-11-13 16:27:00,__desktop-qb9csk1_pcm_core_counters(total_)_l2_cache_misses,6260090
2024-11-13 16:27:00,__desktop-qb9csk1_pcm_core_counters(socket0)_l2_cache_misses,6260090
2024-11-13 16:27:00,__desktop-qb9csk1_pcm_core_counters(7)_l2_cache_misses,944886
2024-11-13 16:27:00,__desktop-qb9csk1_pcm_core_counters(6)_l2_cache_misses,540476
2024-11-13 16:27:00,__desktop-qb9csk1_pcm_core_counters(5)_l2_cache_misses,496754
2024-11-13 16:27:00,__desktop-qb9csk1_pcm_core_counters(4)_l2_cache_misses,772014
2024-11-13 16:27:00,__desktop-qb9csk1_pcm_core_counters(3)_l2_cache_misses,421301
2024-11-13 16:27:00,__desktop-qb9csk1_pcm_core_counters(2)_l2_cache_misses,870526
2024-11-13 16:27:00,__desktop-qb9csk1_pcm_core_counters(1)_l2_cache_misses,760061
2024-11-13 16:27:00,__desktop-qb9csk1_pcm_core_counters(0)_l2_cache_misses,1454072
2024-11-13 16:27:00,__desktop-qb9csk1_pcm_core_counters(total_)_l3_cache_misses,1451508
2024-11-13 16:27:00,__desktop-qb9csk1_pcm_core_counters(socket0)_l3_cache_misses,1451508
2024-11-13 16:27:00,__desktop-qb9csk1_pcm_core_counters(7)_l3_cache_misses,239293
2024-11-13 16:27:00,__desktop-qb9csk1_pcm_core_counters(6)_l3_cache_misses,134132
2024-11-13 16:27:00,__desktop-qb9csk1_pcm_core_counters(5)_l3_cache_misses,119545
2024-11-13 16:27:00,__desktop-qb9csk1_pcm_core_counters(4)_l3_cache_misses,180972
2024-11-13 16:27:00,__desktop-qb9csk1_pcm_core_counters(3)_l3_cache_misses,101125
2024-11-13 16:27:00,__desktop-qb9csk1_pcm_core_counters(2)_l3_cache_misses,181687
2024-11-13 16:27:00,__desktop-qb9csk1_pcm_core_counters(1)_l3_cache_misses,214672
2024-11-13 16:27:00,__desktop-qb9csk1_pcm_core_counters(0)_l3_cache_misses,280082
2024-11-13 16:27:00,__desktop-qb9csk1_pcm_core_counters(total_)_instructions_per_clocktick_(ipc),0.560688739768454
2024-11-13 16:27:00,__desktop-qb9csk1_pcm_core_counters(socket0)_instructions_per_clocktick_(ipc),0.560688739768454
2024-11-13 16:27:00,__desktop-qb9csk1_pcm_core_counters(7)_instructions_per_clocktick_(ipc),0.576305220883534
2024-11-13 16:27:00,__desktop-qb9csk1_pcm_core_counters(6)_instructions_per_clocktick_(ipc),0.573386827148111
2024-11-13 16:27:00,__desktop-qb9csk1_pcm_core_counters(5)_instructions_per_clocktick_(ipc),0.494429504417979
2024-11-13 16:27:00,__desktop-qb9csk1_pcm_core_counters(4)_instructions_per_clocktick_(ipc),0.493282149712092
2024-11-13 16:27:00,__desktop-qb9csk1_pcm_core_counters(3)_instructions_per_clocktick_(ipc),0.596179183135705
2024-11-13 16:27:00,__desktop-qb9csk1_pcm_core_counters(2)_instructions_per_clocktick_(ipc),0.595982877839974
2024-11-13 16:27:00,__desktop-qb9csk1_pcm_core_counters(1)_instructions_per_clocktick_(ipc),0.565984188120819
2024-11-13 16:27:00,__desktop-qb9csk1_pcm_core_counters(0)_instructions_per_clocktick_(ipc),0.565861579054191
2024-11-13 16:27:00,__desktop-qb9csk1_pcm_core_counters(total_)_relative_frequency_(%),10.5801901329058
2024-11-13 16:27:00,__desktop-qb9csk1_pcm_core_counters(socket0)_relative_frequency_(%),10.5801901329058
2024-11-13 16:27:00,__desktop-qb9csk1_pcm_core_counters(7)_relative_frequency_(%),9.32496957213744
2024-11-13 16:27:00,__desktop-qb9csk1_pcm_core_counters(6)_relative_frequency_(%),9.33433199138657
2024-11-13 16:27:00,__desktop-qb9csk1_pcm_core_counters(5)_relative_frequency_(%),8.12345910183191
2024-11-13 16:27:00,__desktop-qb9csk1_pcm_core_counters(4)_relative_frequency_(%),8.12970071466467
2024-11-13 16:27:00,__desktop-qb9csk1_pcm_core_counters(3)_relative_frequency_(%),9.47476828012358
2024-11-13 16:27:00,__desktop-qb9csk1_pcm_core_counters(2)_relative_frequency_(%),9.47788908653996
2024-11-13 16:27:00,__desktop-qb9csk1_pcm_core_counters(1)_relative_frequency_(%),15.3949380519926
2024-11-13 16:27:00,__desktop-qb9csk1_pcm_core_counters(0)_relative_frequency_(%),15.3762132134944
2024-11-13 16:27:00,__desktop-qb9csk1_pcm_core_counters(total_)_thermal_headroom_below_tjmax,1.84467440715621E+19
2024-11-13 16:27:00,__desktop-qb9csk1_pcm_core_counters(socket0)_thermal_headroom_below_tjmax,25
2024-11-13 16:27:00,__desktop-qb9csk1_pcm_core_counters(7)_thermal_headroom_below_tjmax,27
2024-11-13 16:27:00,__desktop-qb9csk1_pcm_core_counters(6)_thermal_headroom_below_tjmax,27
2024-11-13 16:27:00,__desktop-qb9csk1_pcm_core_counters(5)_thermal_headroom_below_tjmax,28
2024-11-13 16:27:00,__desktop-qb9csk1_pcm_core_counters(4)_thermal_headroom_below_tjmax,28
2024-11-13 16:27:00,__desktop-qb9csk1_pcm_core_counters(3)_thermal_headroom_below_tjmax,26
2024-11-13 16:27:00,__desktop-qb9csk1_pcm_core_counters(2)_thermal_headroom_below_tjmax,26
2024-11-13 16:27:00,__desktop-qb9csk1_pcm_core_counters(1)_thermal_headroom_below_tjmax,26
2024-11-13 16:27:00,__desktop-qb9csk1_pcm_core_counters(0)_thermal_headroom_below_tjmax,26
2024-11-13 16:27:00,__desktop-qb9csk1_pcm_core_counters(total_)_core_c0-state_residency_(%),17.2
2024-11-13 16:27:00,__desktop-qb9csk1_pcm_core_counters(socket0)_core_c0-state_residency_(%),17.2
2024-11-13 16:27:00,__desktop-qb9csk1_pcm_core_counters(7)_core_c0-state_residency_(%),15
2024-11-13 16:27:00,__desktop-qb9csk1_pcm_core_counters(6)_core_c0-state_residency_(%),15
2024-11-13 16:27:00,__desktop-qb9csk1_pcm_core_counters(5)_core_c0-state_residency_(%),13.2
2024-11-13 16:27:00,__desktop-qb9csk1_pcm_core_counters(4)_core_c0-state_residency_(%),13.2
2024-11-13 16:27:00,__desktop-qb9csk1_pcm_core_counters(3)_core_c0-state_residency_(%),15.5
2024-11-13 16:27:00,__desktop-qb9csk1_pcm_core_counters(2)_core_c0-state_residency_(%),15.5
2024-11-13 16:27:00,__desktop-qb9csk1_pcm_core_counters(1)_core_c0-state_residency_(%),25.1
2024-11-13 16:27:00,__desktop-qb9csk1_pcm_core_counters(0)_core_c0-state_residency_(%),25.1
2024-11-13 16:27:00,__desktop-qb9csk1_pcm_core_counters(total_)_core_c1-state_residency_(%),5
2024-11-13 16:27:00,__desktop-qb9csk1_pcm_core_counters(socket0)_core_c1-state_residency_(%),5
2024-11-13 16:27:00,__desktop-qb9csk1_pcm_core_counters(7)_core_c1-state_residency_(%),4.1
2024-11-13 16:27:00,__desktop-qb9csk1_pcm_core_counters(6)_core_c1-state_residency_(%),4.1
2024-11-13 16:27:00,__desktop-qb9csk1_pcm_core_counters(5)_core_c1-state_residency_(%),5.2
2024-11-13 16:27:00,__desktop-qb9csk1_pcm_core_counters(4)_core_c1-state_residency_(%),5.2
2024-11-13 16:27:00,__desktop-qb9csk1_pcm_core_counters(3)_core_c1-state_residency_(%),4.3
2024-11-13 16:27:00,__desktop-qb9csk1_pcm_core_counters(2)_core_c1-state_residency_(%),4.2
2024-11-13 16:27:00,__desktop-qb9csk1_pcm_core_counters(1)_core_c1-state_residency_(%),6.6
2024-11-13 16:27:00,__desktop-qb9csk1_pcm_core_counters(0)_core_c1-state_residency_(%),6.6
2024-11-13 16:27:00,__desktop-qb9csk1_pcm_core_counters(total_)_core_c3-state_residency_(%),0.8
2024-11-13 16:27:00,__desktop-qb9csk1_pcm_core_counters(socket0)_core_c3-state_residency_(%),0.8
2024-11-13 16:27:00,__desktop-qb9csk1_pcm_core_counters(7)_core_c3-state_residency_(%),0.2
2024-11-13 16:27:00,__desktop-qb9csk1_pcm_core_counters(6)_core_c3-state_residency_(%),0.2
2024-11-13 16:27:00,__desktop-qb9csk1_pcm_core_counters(5)_core_c3-state_residency_(%),1.1
2024-11-13 16:27:00,__desktop-qb9csk1_pcm_core_counters(4)_core_c3-state_residency_(%),1.1
2024-11-13 16:27:00,__desktop-qb9csk1_pcm_core_counters(3)_core_c3-state_residency_(%),1.8
2024-11-13 16:27:00,__desktop-qb9csk1_pcm_core_counters(2)_core_c3-state_residency_(%),1.8
2024-11-13 16:27:00,__desktop-qb9csk1_pcm_core_counters(1)_core_c3-state_residency_(%),0
2024-11-13 16:27:00,__desktop-qb9csk1_pcm_core_counters(0)_core_c3-state_residency_(%),0
2024-11-13 16:27:00,__desktop-qb9csk1_pcm_core_counters(total_)_core_c6-state_residency_(%),0
2024-11-13 16:27:00,__desktop-qb9csk1_pcm_core_counters(socket0)_core_c6-state_residency_(%),0
2024-11-13 16:27:00,__desktop-qb9csk1_pcm_core_counters(7)_core_c6-state_residency_(%),0
2024-11-13 16:27:00,__desktop-qb9csk1_pcm_core_counters(6)_core_c6-state_residency_(%),0
2024-11-13 16:27:00,__desktop-qb9csk1_pcm_core_counters(5)_core_c6-state_residency_(%),0
2024-11-13 16:27:00,__desktop-qb9csk1_pcm_core_counters(4)_core_c6-state_residency_(%),0
2024-11-13 16:27:00,__desktop-qb9csk1_pcm_core_counters(3)_core_c6-state_residency_(%),0
2024-11-13 16:27:00,__desktop-qb9csk1_pcm_core_counters(2)_core_c6-state_residency_(%),0
2024-11-13 16:27:00,__desktop-qb9csk1_pcm_core_counters(1)_core_c6-state_residency_(%),0
2024-11-13 16:27:00,__desktop-qb9csk1_pcm_core_counters(0)_core_c6-state_residency_(%),0
2024-11-13 16:27:00,__desktop-qb9csk1_pcm_core_counters(total_)_core_c7-state_residency_(%),76.8
2024-11-13 16:27:00,__desktop-qb9csk1_pcm_core_counters(socket0)_core_c7-state_residency_(%),76.8
2024-11-13 16:27:00,__desktop-qb9csk1_pcm_core_counters(7)_core_c7-state_residency_(%),80.5
2024-11-13 16:27:00,__desktop-qb9csk1_pcm_core_counters(6)_core_c7-state_residency_(%),80.5
2024-11-13 16:27:00,__desktop-qb9csk1_pcm_core_counters(5)_core_c7-state_residency_(%),80.2
2024-11-13 16:27:00,__desktop-qb9csk1_pcm_core_counters(4)_core_c7-state_residency_(%),80.2
2024-11-13 16:27:00,__desktop-qb9csk1_pcm_core_counters(3)_core_c7-state_residency_(%),78.2
2024-11-13 16:27:00,__desktop-qb9csk1_pcm_core_counters(2)_core_c7-state_residency_(%),78.2
2024-11-13 16:27:00,__desktop-qb9csk1_pcm_core_counters(1)_core_c7-state_residency_(%),68.1
2024-11-13 16:27:00,__desktop-qb9csk1_pcm_core_counters(0)_core_c7-state_residency_(%),68.1
2024-11-13 16:27:00,__desktop-qb9csk1_pcm_qpi_counters(total_)_qpi_link_bandwidth,0
2024-11-13 16:27:00,__desktop-qb9csk1_pcm_qpi_counters(socket0)_qpi_link_bandwidth,0
2024-11-13 16:27:00,__desktop-qb9csk1_pcm_socket_counters(total_)_memory_read_bandwidth,1162383069
2024-11-13 16:27:00,__desktop-qb9csk1_pcm_socket_counters(socket0)_memory_read_bandwidth,1162383069
2024-11-13 16:27:00,__desktop-qb9csk1_pcm_socket_counters(total_)_memory_write_bandwidth,151997793
2024-11-13 16:27:00,__desktop-qb9csk1_pcm_socket_counters(socket0)_memory_write_bandwidth,151997793
2024-11-13 16:27:00,__desktop-qb9csk1_pcm_socket_counters(total_)_package/socket_consumed_energy,11
2024-11-13 16:27:00,__desktop-qb9csk1_pcm_socket_counters(socket0)_package/socket_consumed_energy,11
2024-11-13 16:27:00,__desktop-qb9csk1_pcm_socket_counters(total_)_dram/memory_consumed_energy,0
2024-11-13 16:27:00,__desktop-qb9csk1_pcm_socket_counters(socket0)_dram/memory_consumed_energy,0
2024-11-13 16:27:00,__desktop-qb9csk1_pcm_socket_counters(total_)_package_c0-state_residency_(%),100
2024-11-13 16:27:00,__desktop-qb9csk1_pcm_socket_counters(socket0)_package_c0-state_residency_(%),100
2024-11-13 16:27:00,__desktop-qb9csk1_pcm_socket_counters(total_)_package_c2-state_residency_(%),0
2024-11-13 16:27:00,__desktop-qb9csk1_pcm_socket_counters(socket0)_package_c2-state_residency_(%),0
2024-11-13 16:27:00,__desktop-qb9csk1_pcm_socket_counters(total_)_package_c3-state_residency_(%),0
2024-11-13 16:27:00,__desktop-qb9csk1_pcm_socket_counters(socket0)_package_c3-state_residency_(%),0
2024-11-13 16:27:00,__desktop-qb9csk1_pcm_socket_counters(total_)_package_c6-state_residency_(%),0
2024-11-13 16:27:00,__desktop-qb9csk1_pcm_socket_counters(socket0)_package_c6-state_residency_(%),0
2024-11-13 16:27:00,__desktop-qb9csk1_pcm_socket_counters(total_)_package_c7-state_residency_(%),0
2024-11-13 16:27:00,__desktop-qb9csk1_pcm_socket_counters(socket0)_package_c7-state_residency_(%),0
2024-11-13 16:27:00,__desktop-qb9csk1_pcm_socket_counters(total_)_package_c8-state_residency_(%),0
2024-11-13 16:27:00,__desktop-qb9csk1_pcm_socket_counters(socket0)_package_c8-state_residency_(%),0
2024-11-13 16:27:00,__desktop-qb9csk1_pcm_socket_counters(total_)_package_c9-state_residency_(%),0
2024-11-13 16:27:00,__desktop-qb9csk1_pcm_socket_counters(socket0)_package_c9-state_residency_(%),0
2024-11-13 16:27:00,__desktop-qb9csk1_pcm_socket_counters(total_)_package_c10-state_residency_(%),0
2024-11-13 16:27:00,__desktop-qb9csk1_pcm_socket_counters(socket0)_package_c10-state_residency_(%),0
2024-11-13 16:27:11,__desktop-qb9csk1_pcm_core_counters(total_)_clockticks,3949177474
2024-11-13 16:27:11,__desktop-qb9csk1_pcm_core_counters(socket0)_clockticks,3949177474
2024-11-13 16:27:11,__desktop-qb9csk1_pcm_core_counters(7)_clockticks,386672085
2024-11-13 16:27:11,__desktop-qb9csk1_pcm_core_counters(6)_clockticks,386968254
2024-11-13 16:27:11,__desktop-qb9csk1_pcm_core_counters(5)_clockticks,516487370
2024-11-13 16:27:11,__desktop-qb9csk1_pcm_core_counters(4)_clockticks,516970051
2024-11-13 16:27:11,__desktop-qb9csk1_pcm_core_counters(3)_clockticks,452871247
2024-11-13 16:27:11,__desktop-qb9csk1_pcm_core_counters(2)_clockticks,453143870
2024-11-13 16:27:11,__desktop-qb9csk1_pcm_core_counters(1)_clockticks,617853865
2024-11-13 16:27:11,__desktop-qb9csk1_pcm_core_counters(0)_clockticks,618210732
2024-11-13 16:27:11,__desktop-qb9csk1_pcm_core_counters(total_)_instructions_retired,2349853066
2024-11-13 16:27:11,__desktop-qb9csk1_pcm_core_counters(socket0)_instructions_retired,2349853066
2024-11-13 16:27:11,__desktop-qb9csk1_pcm_core_counters(7)_instructions_retired,211842115
2024-11-13 16:27:11,__desktop-qb9csk1_pcm_core_counters(6)_instructions_retired,211984910
2024-11-13 16:27:11,__desktop-qb9csk1_pcm_core_counters(5)_instructions_retired,372081092
2024-11-13 16:27:11,__desktop-qb9csk1_pcm_core_counters(4)_instructions_retired,372229400
2024-11-13 16:27:11,__desktop-qb9csk1_pcm_core_counters(3)_instructions_retired,298501191
2024-11-13 16:27:11,__desktop-qb9csk1_pcm_core_counters(2)_instructions_retired,298420507
2024-11-13 16:27:11,__desktop-qb9csk1_pcm_core_counters(1)_instructions_retired,292407020
2024-11-13 16:27:11,__desktop-qb9csk1_pcm_core_counters(0)_instructions_retired,292386831
2024-11-13 16:27:11,__desktop-qb9csk1_pcm_core_counters(total_)_l2_cache_misses,6768754
2024-11-13 16:27:11,__desktop-qb9csk1_pcm_core_counters(socket0)_l2_cache_misses,6768754
2024-11-13 16:27:11,__desktop-qb9csk1_pcm_core_counters(7)_l2_cache_misses,863857
2024-11-13 16:27:11,__desktop-qb9csk1_pcm_core_counters(6)_l2_cache_misses,573142
2024-11-13 16:27:11,__desktop-qb9csk1_pcm_core_counters(5)_l2_cache_misses,552006
2024-11-13 16:27:11,__desktop-qb9csk1_pcm_core_counters(4)_l2_cache_misses,1064526
2024-11-13 16:27:11,__desktop-qb9csk1_pcm_core_counters(3)_l2_cache_misses,632707
2024-11-13 16:27:11,__desktop-qb9csk1_pcm_core_counters(2)_l2_cache_misses,896239
2024-11-13 16:27:11,__desktop-qb9csk1_pcm_core_counters(1)_l2_cache_misses,460575
2024-11-13 16:27:11,__desktop-qb9csk1_pcm_core_counters(0)_l2_cache_misses,1725702
2024-11-13 16:27:11,__desktop-qb9csk1_pcm_core_counters(total_)_l3_cache_misses,1686770
2024-11-13 16:27:11,__desktop-qb9csk1_pcm_core_counters(socket0)_l3_cache_misses,1686770
2024-11-13 16:27:11,__desktop-qb9csk1_pcm_core_counters(7)_l3_cache_misses,239745
2024-11-13 16:27:11,__desktop-qb9csk1_pcm_core_counters(6)_l3_cache_misses,152114
2024-11-13 16:27:11,__desktop-qb9csk1_pcm_core_counters(5)_l3_cache_misses,99841
2024-11-13 16:27:11,__desktop-qb9csk1_pcm_core_counters(4)_l3_cache_misses,329333
2024-11-13 16:27:11,__desktop-qb9csk1_pcm_core_counters(3)_l3_cache_misses,128032
2024-11-13 16:27:11,__desktop-qb9csk1_pcm_core_counters(2)_l3_cache_misses,242449
2024-11-13 16:27:11,__desktop-qb9csk1_pcm_core_counters(1)_l3_cache_misses,122369
2024-11-13 16:27:11,__desktop-qb9csk1_pcm_core_counters(0)_l3_cache_misses,372887
2024-11-13 16:27:11,__desktop-qb9csk1_pcm_core_counters(total_)_instructions_per_clocktick_(ipc),0.59504132231405
2024-11-13 16:27:11,__desktop-qb9csk1_pcm_core_counters(socket0)_instructions_per_clocktick_(ipc),0.59504132231405
2024-11-13 16:27:11,__desktop-qb9csk1_pcm_core_counters(7)_instructions_per_clocktick_(ipc),0.547796610169492
2024-11-13 16:27:11,__desktop-qb9csk1_pcm_core_counters(6)_instructions_per_clocktick_(ipc),0.547917372163901
2024-11-13 16:27:11,__desktop-qb9csk1_pcm_core_counters(5)_instructions_per_clocktick_(ipc),0.720121796498351
2024-11-13 16:27:11,__desktop-qb9csk1_pcm_core_counters(4)_instructions_per_clocktick_(ipc),0.719827586206897
2024-11-13 16:27:11,__desktop-qb9csk1_pcm_core_counters(3)_instructions_per_clocktick_(ipc),0.65904486251809
2024-11-13 16:27:11,__desktop-qb9csk1_pcm_core_counters(2)_instructions_per_clocktick_(ipc),0.658663581139717
2024-11-13 16:27:11,__desktop-qb9csk1_pcm_core_counters(1)_instructions_per_clocktick_(ipc),0.473271107339839
2024-11-13 16:27:11,__desktop-qb9csk1_pcm_core_counters(0)_instructions_per_clocktick_(ipc),0.472970108119568
2024-11-13 16:27:11,__desktop-qb9csk1_pcm_core_counters(total_)_relative_frequency_(%),11.7532095167878
2024-11-13 16:27:11,__desktop-qb9csk1_pcm_core_counters(socket0)_relative_frequency_(%),11.7532095167878
2024-11-13 16:27:11,__desktop-qb9csk1_pcm_core_counters(7)_relative_frequency_(%),9.20637892831508
2024-11-13 16:27:11,__desktop-qb9csk1_pcm_core_counters(6)_relative_frequency_(%),9.21574134756421
2024-11-13 16:27:11,__desktop-qb9csk1_pcm_core_counters(5)_relative_frequency_(%),12.2990980869457
2024-11-13 16:27:11,__desktop-qb9csk1_pcm_core_counters(4)_relative_frequency_(%),12.3084605061948
2024-11-13 16:27:11,__desktop-qb9csk1_pcm_core_counters(3)_relative_frequency_(%),10.782386168586
2024-11-13 16:27:11,__desktop-qb9csk1_pcm_core_counters(2)_relative_frequency_(%),10.7886277814187
2024-11-13 16:27:11,__desktop-qb9csk1_pcm_core_counters(1)_relative_frequency_(%),14.7114814468059
2024-11-13 16:27:11,__desktop-qb9csk1_pcm_core_counters(0)_relative_frequency_(%),14.720843866055
2024-11-13 16:27:11,__desktop-qb9csk1_pcm_core_counters(total_)_thermal_headroom_below_tjmax,1.84467440715621E+19
2024-11-13 16:27:11,__desktop-qb9csk1_pcm_core_counters(socket0)_thermal_headroom_below_tjmax,26
2024-11-13 16:27:11,__desktop-qb9csk1_pcm_core_counters(7)_thermal_headroom_below_tjmax,28
2024-11-13 16:27:11,__desktop-qb9csk1_pcm_core_counters(6)_thermal_headroom_below_tjmax,28
2024-11-13 16:27:11,__desktop-qb9csk1_pcm_core_counters(5)_thermal_headroom_below_tjmax,28
2024-11-13 16:27:11,__desktop-qb9csk1_pcm_core_counters(4)_thermal_headroom_below_tjmax,28
2024-11-13 16:27:11,__desktop-qb9csk1_pcm_core_counters(3)_thermal_headroom_below_tjmax,28
2024-11-13 16:27:11,__desktop-qb9csk1_pcm_core_counters(2)_thermal_headroom_below_tjmax,28
2024-11-13 16:27:11,__desktop-qb9csk1_pcm_core_counters(1)_thermal_headroom_below_tjmax,27
2024-11-13 16:27:11,__desktop-qb9csk1_pcm_core_counters(0)_thermal_headroom_below_tjmax,27
2024-11-13 16:27:11,__desktop-qb9csk1_pcm_core_counters(total_)_core_c0-state_residency_(%),18.7
2024-11-13 16:27:11,__desktop-qb9csk1_pcm_core_counters(socket0)_core_c0-state_residency_(%),18.7
2024-11-13 16:27:11,__desktop-qb9csk1_pcm_core_counters(7)_core_c0-state_residency_(%),15.1
2024-11-13 16:27:11,__desktop-qb9csk1_pcm_core_counters(6)_core_c0-state_residency_(%),15.2
2024-11-13 16:27:11,__desktop-qb9csk1_pcm_core_counters(5)_core_c0-state_residency_(%),18.7
2024-11-13 16:27:11,__desktop-qb9csk1_pcm_core_counters(4)_core_c0-state_residency_(%),18.7
2024-11-13 16:27:11,__desktop-qb9csk1_pcm_core_counters(3)_core_c0-state_residency_(%),17.1
2024-11-13 16:27:11,__desktop-qb9csk1_pcm_core_counters(2)_core_c0-state_residency_(%),17.1
2024-11-13 16:27:11,__desktop-qb9csk1_pcm_core_counters(1)_core_c0-state_residency_(%),23.9
2024-11-13 16:27:11,__desktop-qb9csk1_pcm_core_counters(0)_core_c0-state_residency_(%),23.9
2024-11-13 16:27:11,__desktop-qb9csk1_pcm_core_counters(total_)_core_c1-state_residency_(%),4.5
2024-11-13 16:27:11,__desktop-qb9csk1_pcm_core_counters(socket0)_core_c1-state_residency_(%),4.5
2024-11-13 16:27:11,__desktop-qb9csk1_pcm_core_counters(7)_core_c1-state_residency_(%),3.7
2024-11-13 16:27:11,__desktop-qb9csk1_pcm_core_counters(6)_core_c1-state_residency_(%),3.7
2024-11-13 16:27:11,__desktop-qb9csk1_pcm_core_counters(5)_core_c1-state_residency_(%),4
2024-11-13 16:27:11,__desktop-qb9csk1_pcm_core_counters(4)_core_c1-state_residency_(%),4
2024-11-13 16:27:11,__desktop-qb9csk1_pcm_core_counters(3)_core_c1-state_residency_(%),3.7
2024-11-13 16:27:11,__desktop-qb9csk1_pcm_core_counters(2)_core_c1-state_residency_(%),3.7
2024-11-13 16:27:11,__desktop-qb9csk1_pcm_core_counters(1)_core_c1-state_residency_(%),6.4
2024-11-13 16:27:11,__desktop-qb9csk1_pcm_core_counters(0)_core_c1-state_residency_(%),6.4
2024-11-13 16:27:11,__desktop-qb9csk1_pcm_core_counters(total_)_core_c3-state_residency_(%),0.6
2024-11-13 16:27:11,__desktop-qb9csk1_pcm_core_counters(socket0)_core_c3-state_residency_(%),0.6
2024-11-13 16:27:11,__desktop-qb9csk1_pcm_core_counters(7)_core_c3-state_residency_(%),0.9
2024-11-13 16:27:11,__desktop-qb9csk1_pcm_core_counters(6)_core_c3-state_residency_(%),0.9
2024-11-13 16:27:11,__desktop-qb9csk1_pcm_core_counters(5)_core_c3-state_residency_(%),0.1
2024-11-13 16:27:11,__desktop-qb9csk1_pcm_core_counters(4)_core_c3-state_residency_(%),0.1
2024-11-13 16:27:11,__desktop-qb9csk1_pcm_core_counters(3)_core_c3-state_residency_(%),0.6
2024-11-13 16:27:11,__desktop-qb9csk1_pcm_core_counters(2)_core_c3-state_residency_(%),0.6
2024-11-13 16:27:11,__desktop-qb9csk1_pcm_core_counters(1)_core_c3-state_residency_(%),0.6
2024-11-13 16:27:11,__desktop-qb9csk1_pcm_core_counters(0)_core_c3-state_residency_(%),0.6
2024-11-13 16:27:11,__desktop-qb9csk1_pcm_core_counters(total_)_core_c6-state_residency_(%),0
2024-11-13 16:27:11,__desktop-qb9csk1_pcm_core_counters(socket0)_core_c6-state_residency_(%),0
2024-11-13 16:27:11,__desktop-qb9csk1_pcm_core_counters(7)_core_c6-state_residency_(%),0
2024-11-13 16:27:11,__desktop-qb9csk1_pcm_core_counters(6)_core_c6-state_residency_(%),0
2024-11-13 16:27:11,__desktop-qb9csk1_pcm_core_counters(5)_core_c6-state_residency_(%),0
2024-11-13 16:27:11,__desktop-qb9csk1_pcm_core_counters(4)_core_c6-state_residency_(%),0
2024-11-13 16:27:11,__desktop-qb9csk1_pcm_core_counters(3)_core_c6-state_residency_(%),0
2024-11-13 16:27:11,__desktop-qb9csk1_pcm_core_counters(2)_core_c6-state_residency_(%),0
2024-11-13 16:27:11,__desktop-qb9csk1_pcm_core_counters(1)_core_c6-state_residency_(%),0
2024-11-13 16:27:11,__desktop-qb9csk1_pcm_core_counters(0)_core_c6-state_residency_(%),0
2024-11-13 16:27:11,__desktop-qb9csk1_pcm_core_counters(total_)_core_c7-state_residency_(%),76
2024-11-13 16:27:11,__desktop-qb9csk1_pcm_core_counters(socket0)_core_c7-state_residency_(%),76
2024-11-13 16:27:11,__desktop-qb9csk1_pcm_core_counters(7)_core_c7-state_residency_(%),80
2024-11-13 16:27:11,__desktop-qb9csk1_pcm_core_counters(6)_core_c7-state_residency_(%),80
2024-11-13 16:27:11,__desktop-qb9csk1_pcm_core_counters(5)_core_c7-state_residency_(%),77
2024-11-13 16:27:11,__desktop-qb9csk1_pcm_core_counters(4)_core_c7-state_residency_(%),77
2024-11-13 16:27:11,__desktop-qb9csk1_pcm_core_counters(3)_core_c7-state_residency_(%),78.3
2024-11-13 16:27:11,__desktop-qb9csk1_pcm_core_counters(2)_core_c7-state_residency_(%),78.3
2024-11-13 16:27:11,__desktop-qb9csk1_pcm_core_counters(1)_core_c7-state_residency_(%),68.8
2024-11-13 16:27:11,__desktop-qb9csk1_pcm_core_counters(0)_core_c7-state_residency_(%),68.8
2024-11-13 16:27:11,__desktop-qb9csk1_pcm_qpi_counters(total_)_qpi_link_bandwidth,0
2024-11-13 16:27:11,__desktop-qb9csk1_pcm_qpi_counters(socket0)_qpi_link_bandwidth,0
2024-11-13 16:27:11,__desktop-qb9csk1_pcm_socket_counters(total_)_memory_read_bandwidth,1339930798
2024-11-13 16:27:11,__desktop-qb9csk1_pcm_socket_counters(socket0)_memory_read_bandwidth,1339930798
2024-11-13 16:27:11,__desktop-qb9csk1_pcm_socket_counters(total_)_memory_write_bandwidth,222714135
2024-11-13 16:27:11,__desktop-qb9csk1_pcm_socket_counters(socket0)_memory_write_bandwidth,222714135
2024-11-13 16:27:11,__desktop-qb9csk1_pcm_socket_counters(total_)_package/socket_consumed_energy,11
2024-11-13 16:27:11,__desktop-qb9csk1_pcm_socket_counters(socket0)_package/socket_consumed_energy,11
2024-11-13 16:27:11,__desktop-qb9csk1_pcm_socket_counters(total_)_dram/memory_consumed_energy,0
2024-11-13 16:27:11,__desktop-qb9csk1_pcm_socket_counters(socket0)_dram/memory_consumed_energy,0
2024-11-13 16:27:11,__desktop-qb9csk1_pcm_socket_counters(total_)_package_c0-state_residency_(%),100
2024-11-13 16:27:11,__desktop-qb9csk1_pcm_socket_counters(socket0)_package_c0-state_residency_(%),100
2024-11-13 16:27:11,__desktop-qb9csk1_pcm_socket_counters(total_)_package_c2-state_residency_(%),0
2024-11-13 16:27:11,__desktop-qb9csk1_pcm_socket_counters(socket0)_package_c2-state_residency_(%),0
2024-11-13 16:27:11,__desktop-qb9csk1_pcm_socket_counters(total_)_package_c3-state_residency_(%),0
2024-11-13 16:27:11,__desktop-qb9csk1_pcm_socket_counters(socket0)_package_c3-state_residency_(%),0
2024-11-13 16:27:11,__desktop-qb9csk1_pcm_socket_counters(total_)_package_c6-state_residency_(%),0
2024-11-13 16:27:11,__desktop-qb9csk1_pcm_socket_counters(socket0)_package_c6-state_residency_(%),0
2024-11-13 16:27:11,__desktop-qb9csk1_pcm_socket_counters(total_)_package_c7-state_residency_(%),0
2024-11-13 16:27:11,__desktop-qb9csk1_pcm_socket_counters(socket0)_package_c7-state_residency_(%),0
2024-11-13 16:27:11,__desktop-qb9csk1_pcm_socket_counters(total_)_package_c8-state_residency_(%),0
2024-11-13 16:27:11,__desktop-qb9csk1_pcm_socket_counters(socket0)_package_c8-state_residency_(%),0
2024-11-13 16:27:11,__desktop-qb9csk1_pcm_socket_counters(total_)_package_c9-state_residency_(%),0
2024-11-13 16:27:11,__desktop-qb9csk1_pcm_socket_counters(socket0)_package_c9-state_residency_(%),0
2024-11-13 16:27:11,__desktop-qb9csk1_pcm_socket_counters(total_)_package_c10-state_residency_(%),0
2024-11-13 16:27:11,__desktop-qb9csk1_pcm_socket_counters(socket0)_package_c10-state_residency_(%),0
2024-11-13 16:27:22,__desktop-qb9csk1_pcm_core_counters(total_)_clockticks,4976124825
2024-11-13 16:27:22,__desktop-qb9csk1_pcm_core_counters(socket0)_clockticks,4976124825
2024-11-13 16:27:22,__desktop-qb9csk1_pcm_core_counters(7)_clockticks,558026636
2024-11-13 16:27:22,__desktop-qb9csk1_pcm_core_counters(6)_clockticks,558200195
2024-11-13 16:27:22,__desktop-qb9csk1_pcm_core_counters(5)_clockticks,533344056
2024-11-13 16:27:22,__desktop-qb9csk1_pcm_core_counters(4)_clockticks,533660342
2024-11-13 16:27:22,__desktop-qb9csk1_pcm_core_counters(3)_clockticks,687267371
2024-11-13 16:27:22,__desktop-qb9csk1_pcm_core_counters(2)_clockticks,687484736
2024-11-13 16:27:22,__desktop-qb9csk1_pcm_core_counters(1)_clockticks,708932976
2024-11-13 16:27:22,__desktop-qb9csk1_pcm_core_counters(0)_clockticks,709208513
2024-11-13 16:27:22,__desktop-qb9csk1_pcm_core_counters(total_)_instructions_retired,2468297472
2024-11-13 16:27:22,__desktop-qb9csk1_pcm_core_counters(socket0)_instructions_retired,2468297472
2024-11-13 16:27:22,__desktop-qb9csk1_pcm_core_counters(7)_instructions_retired,257678916
2024-11-13 16:27:22,__desktop-qb9csk1_pcm_core_counters(6)_instructions_retired,257624532
2024-11-13 16:27:22,__desktop-qb9csk1_pcm_core_counters(5)_instructions_retired,240129297
2024-11-13 16:27:22,__desktop-qb9csk1_pcm_core_counters(4)_instructions_retired,240066729
2024-11-13 16:27:22,__desktop-qb9csk1_pcm_core_counters(3)_instructions_retired,387700964
2024-11-13 16:27:22,__desktop-qb9csk1_pcm_core_counters(2)_instructions_retired,387788328
2024-11-13 16:27:22,__desktop-qb9csk1_pcm_core_counters(1)_instructions_retired,348675582
2024-11-13 16:27:22,__desktop-qb9csk1_pcm_core_counters(0)_instructions_retired,348633124
2024-11-13 16:27:22,__desktop-qb9csk1_pcm_core_counters(total_)_l2_cache_misses,9201545
2024-11-13 16:27:22,__desktop-qb9csk1_pcm_core_counters(socket0)_l2_cache_misses,9201545
2024-11-13 16:27:22,__desktop-qb9csk1_pcm_core_counters(7)_l2_cache_misses,1393804
2024-11-13 16:27:22,__desktop-qb9csk1_pcm_core_counters(6)_l2_cache_misses,754083
2024-11-13 16:27:22,__desktop-qb9csk1_pcm_core_counters(5)_l2_cache_misses,604676
2024-11-13 16:27:22,__desktop-qb9csk1_pcm_core_counters(4)_l2_cache_misses,1399420
2024-11-13 16:27:22,__desktop-qb9csk1_pcm_core_counters(3)_l2_cache_misses,726972
2024-11-13 16:27:22,__desktop-qb9csk1_pcm_core_counters(2)_l2_cache_misses,1657163
2024-11-13 16:27:22,__desktop-qb9csk1_pcm_core_counters(1)_l2_cache_misses,697342
2024-11-13 16:27:22,__desktop-qb9csk1_pcm_core_counters(0)_l2_cache_misses,1968085
2024-11-13 16:27:22,__desktop-qb9csk1_pcm_core_counters(total_)_l3_cache_misses,2127724
2024-11-13 16:27:22,__desktop-qb9csk1_pcm_core_counters(socket0)_l3_cache_misses,2127724
2024-11-13 16:27:22,__desktop-qb9csk1_pcm_core_counters(7)_l3_cache_misses,422607
2024-11-13 16:27:22,__desktop-qb9csk1_pcm_core_counters(6)_l3_cache_misses,178268
2024-11-13 16:27:22,__desktop-qb9csk1_pcm_core_counters(5)_l3_cache_misses,161836
2024-11-13 16:27:22,__desktop-qb9csk1_pcm_core_counters(4)_l3_cache_misses,277083
2024-11-13 16:27:22,__desktop-qb9csk1_pcm_core_counters(3)_l3_cache_misses,204189
2024-11-13 16:27:22,__desktop-qb9csk1_pcm_core_counters(2)_l3_cache_misses,279593
2024-11-13 16:27:22,__desktop-qb9csk1_pcm_core_counters(1)_l3_cache_misses,161041
2024-11-13 16:27:22,__desktop-qb9csk1_pcm_core_counters(0)_l3_cache_misses,443107
2024-11-13 16:27:22,__desktop-qb9csk1_pcm_core_counters(total_)_instructions_per_clocktick_(ipc),0.496035822468063
2024-11-13 16:27:22,__desktop-qb9csk1_pcm_core_counters(socket0)_instructions_per_clocktick_(ipc),0.496035822468063
2024-11-13 16:27:22,__desktop-qb9csk1_pcm_core_counters(7)_instructions_per_clocktick_(ipc),0.461827578106648
2024-11-13 16:27:22,__desktop-qb9csk1_pcm_core_counters(6)_instructions_per_clocktick_(ipc),0.46137590983799
2024-11-13 16:27:22,__desktop-qb9csk1_pcm_core_counters(5)_instructions_per_clocktick_(ipc),0.45023347259769
2024-11-13 16:27:22,__desktop-qb9csk1_pcm_core_counters(4)_instructions_per_clocktick_(ipc),0.450012281994596
2024-11-13 16:27:22,__desktop-qb9csk1_pcm_core_counters(3)_instructions_per_clocktick_(ipc),0.564073226544622
2024-11-13 16:27:22,__desktop-qb9csk1_pcm_core_counters(2)_instructions_per_clocktick_(ipc),0.563965681601525
2024-11-13 16:27:22,__desktop-qb9csk1_pcm_core_counters(1)_instructions_per_clocktick_(ipc),0.491863905325444
2024-11-13 16:27:22,__desktop-qb9csk1_pcm_core_counters(0)_instructions_per_clocktick_(ipc),0.491406394381815
2024-11-13 16:27:22,__desktop-qb9csk1_pcm_core_counters(total_)_relative_frequency_(%),14.810003627895
2024-11-13 16:27:22,__desktop-qb9csk1_pcm_core_counters(socket0)_relative_frequency_(%),14.810003627895
2024-11-13 16:27:22,__desktop-qb9csk1_pcm_core_counters(7)_relative_frequency_(%),13.2852729145211
2024-11-13 16:27:22,__desktop-qb9csk1_pcm_core_counters(6)_relative_frequency_(%),13.2915145273539
2024-11-13 16:27:22,__desktop-qb9csk1_pcm_core_counters(5)_relative_frequency_(%),12.698561308242
2024-11-13 16:27:22,__desktop-qb9csk1_pcm_core_counters(4)_relative_frequency_(%),12.7048029210748
2024-11-13 16:27:22,__desktop-qb9csk1_pcm_core_counters(3)_relative_frequency_(%),16.3655088474862
2024-11-13 16:27:22,__desktop-qb9csk1_pcm_core_counters(2)_relative_frequency_(%),16.3686296539026
2024-11-13 16:27:22,__desktop-qb9csk1_pcm_core_counters(1)_relative_frequency_(%),16.8773210997722
2024-11-13 16:27:22,__desktop-qb9csk1_pcm_core_counters(0)_relative_frequency_(%),16.8866835190213
2024-11-13 16:27:22,__desktop-qb9csk1_pcm_core_counters(total_)_thermal_headroom_below_tjmax,1.84467440715621E+19
2024-11-13 16:27:22,__desktop-qb9csk1_pcm_core_counters(socket0)_thermal_headroom_below_tjmax,23
2024-11-13 16:27:22,__desktop-qb9csk1_pcm_core_counters(7)_thermal_headroom_below_tjmax,26
2024-11-13 16:27:22,__desktop-qb9csk1_pcm_core_counters(6)_thermal_headroom_below_tjmax,26
2024-11-13 16:27:22,__desktop-qb9csk1_pcm_core_counters(5)_thermal_headroom_below_tjmax,26
2024-11-13 16:27:22,__desktop-qb9csk1_pcm_core_counters(4)_thermal_headroom_below_tjmax,26
2024-11-13 16:27:22,__desktop-qb9csk1_pcm_core_counters(3)_thermal_headroom_below_tjmax,23
2024-11-13 16:27:22,__desktop-qb9csk1_pcm_core_counters(2)_thermal_headroom_below_tjmax,23
2024-11-13 16:27:22,__desktop-qb9csk1_pcm_core_counters(1)_thermal_headroom_below_tjmax,25
2024-11-13 16:27:22,__desktop-qb9csk1_pcm_core_counters(0)_thermal_headroom_below_tjmax,25
2024-11-13 16:27:22,__desktop-qb9csk1_pcm_core_counters(total_)_core_c0-state_residency_(%),23.3
2024-11-13 16:27:22,__desktop-qb9csk1_pcm_core_counters(socket0)_core_c0-state_residency_(%),23.3
2024-11-13 16:27:22,__desktop-qb9csk1_pcm_core_counters(7)_core_c0-state_residency_(%),20.6
2024-11-13 16:27:22,__desktop-qb9csk1_pcm_core_counters(6)_core_c0-state_residency_(%),20.7
2024-11-13 16:27:22,__desktop-qb9csk1_pcm_core_counters(5)_core_c0-state_residency_(%),18.8
2024-11-13 16:27:22,__desktop-qb9csk1_pcm_core_counters(4)_core_c0-state_residency_(%),18.8
2024-11-13 16:27:22,__desktop-qb9csk1_pcm_core_counters(3)_core_c0-state_residency_(%),25.8
2024-11-13 16:27:22,__desktop-qb9csk1_pcm_core_counters(2)_core_c0-state_residency_(%),25.8
2024-11-13 16:27:22,__desktop-qb9csk1_pcm_core_counters(1)_core_c0-state_residency_(%),28
2024-11-13 16:27:22,__desktop-qb9csk1_pcm_core_counters(0)_core_c0-state_residency_(%),28
2024-11-13 16:27:22,__desktop-qb9csk1_pcm_core_counters(total_)_core_c1-state_residency_(%),12.4
2024-11-13 16:27:22,__desktop-qb9csk1_pcm_core_counters(socket0)_core_c1-state_residency_(%),12.4
2024-11-13 16:27:22,__desktop-qb9csk1_pcm_core_counters(7)_core_c1-state_residency_(%),11.7
2024-11-13 16:27:22,__desktop-qb9csk1_pcm_core_counters(6)_core_c1-state_residency_(%),11.7
2024-11-13 16:27:22,__desktop-qb9csk1_pcm_core_counters(5)_core_c1-state_residency_(%),13.9
2024-11-13 16:27:22,__desktop-qb9csk1_pcm_core_counters(4)_core_c1-state_residency_(%),13.9
2024-11-13 16:27:22,__desktop-qb9csk1_pcm_core_counters(3)_core_c1-state_residency_(%),13
2024-11-13 16:27:22,__desktop-qb9csk1_pcm_core_counters(2)_core_c1-state_residency_(%),13
2024-11-13 16:27:22,__desktop-qb9csk1_pcm_core_counters(1)_core_c1-state_residency_(%),11.1
2024-11-13 16:27:22,__desktop-qb9csk1_pcm_core_counters(0)_core_c1-state_residency_(%),11.1
2024-11-13 16:27:22,__desktop-qb9csk1_pcm_core_counters(total_)_core_c3-state_residency_(%),2.4
2024-11-13 16:27:22,__desktop-qb9csk1_pcm_core_counters(socket0)_core_c3-state_residency_(%),2.4
2024-11-13 16:27:22,__desktop-qb9csk1_pcm_core_counters(7)_core_c3-state_residency_(%),1.3
2024-11-13 16:27:22,__desktop-qb9csk1_pcm_core_counters(6)_core_c3-state_residency_(%),1.3
2024-11-13 16:27:22,__desktop-qb9csk1_pcm_core_counters(5)_core_c3-state_residency_(%),0
2024-11-13 16:27:22,__desktop-qb9csk1_pcm_core_counters(4)_core_c3-state_residency_(%),0
2024-11-13 16:27:22,__desktop-qb9csk1_pcm_core_counters(3)_core_c3-state_residency_(%),1.4
2024-11-13 16:27:22,__desktop-qb9csk1_pcm_core_counters(2)_core_c3-state_residency_(%),1.4
2024-11-13 16:27:22,__desktop-qb9csk1_pcm_core_counters(1)_core_c3-state_residency_(%),6.9
2024-11-13 16:27:22,__desktop-qb9csk1_pcm_core_counters(0)_core_c3-state_residency_(%),6.9
2024-11-13 16:27:22,__desktop-qb9csk1_pcm_core_counters(total_)_core_c6-state_residency_(%),0
2024-11-13 16:27:22,__desktop-qb9csk1_pcm_core_counters(socket0)_core_c6-state_residency_(%),0
2024-11-13 16:27:22,__desktop-qb9csk1_pcm_core_counters(7)_core_c6-state_residency_(%),0
2024-11-13 16:27:22,__desktop-qb9csk1_pcm_core_counters(6)_core_c6-state_residency_(%),0
2024-11-13 16:27:22,__desktop-qb9csk1_pcm_core_counters(5)_core_c6-state_residency_(%),0
2024-11-13 16:27:22,__desktop-qb9csk1_pcm_core_counters(4)_core_c6-state_residency_(%),0
2024-11-13 16:27:22,__desktop-qb9csk1_pcm_core_counters(3)_core_c6-state_residency_(%),0
2024-11-13 16:27:22,__desktop-qb9csk1_pcm_core_counters(2)_core_c6-state_residency_(%),0
2024-11-13 16:27:22,__desktop-qb9csk1_pcm_core_counters(1)_core_c6-state_residency_(%),0
2024-11-13 16:27:22,__desktop-qb9csk1_pcm_core_counters(0)_core_c6-state_residency_(%),0
2024-11-13 16:27:22,__desktop-qb9csk1_pcm_core_counters(total_)_core_c7-state_residency_(%),61.6
2024-11-13 16:27:22,__desktop-qb9csk1_pcm_core_counters(socket0)_core_c7-state_residency_(%),61.6
2024-11-13 16:27:22,__desktop-qb9csk1_pcm_core_counters(7)_core_c7-state_residency_(%),66.1
2024-11-13 16:27:22,__desktop-qb9csk1_pcm_core_counters(6)_core_c7-state_residency_(%),66.1
2024-11-13 16:27:22,__desktop-qb9csk1_pcm_core_counters(5)_core_c7-state_residency_(%),67
2024-11-13 16:27:22,__desktop-qb9csk1_pcm_core_counters(4)_core_c7-state_residency_(%),67
2024-11-13 16:27:22,__desktop-qb9csk1_pcm_core_counters(3)_core_c7-state_residency_(%),59.7
2024-11-13 16:27:22,__desktop-qb9csk1_pcm_core_counters(2)_core_c7-state_residency_(%),59.7
2024-11-13 16:27:22,__desktop-qb9csk1_pcm_core_counters(1)_core_c7-state_residency_(%),53.8
2024-11-13 16:27:22,__desktop-qb9csk1_pcm_core_counters(0)_core_c7-state_residency_(%),53.8
2024-11-13 16:27:22,__desktop-qb9csk1_pcm_qpi_counters(total_)_qpi_link_bandwidth,0
2024-11-13 16:27:22,__desktop-qb9csk1_pcm_qpi_counters(socket0)_qpi_link_bandwidth,0
2024-11-13 16:27:22,__desktop-qb9csk1_pcm_socket_counters(total_)_memory_read_bandwidth,1731175872
2024-11-13 16:27:22,__desktop-qb9csk1_pcm_socket_counters(socket0)_memory_read_bandwidth,1731175872
2024-11-13 16:27:22,__desktop-qb9csk1_pcm_socket_counters(total_)_memory_write_bandwidth,193911936
2024-11-13 16:27:22,__desktop-qb9csk1_pcm_socket_counters(socket0)_memory_write_bandwidth,193911936
2024-11-13 16:27:22,__desktop-qb9csk1_pcm_socket_counters(total_)_package/socket_consumed_energy,13
2024-11-13 16:27:22,__desktop-qb9csk1_pcm_socket_counters(socket0)_package/socket_consumed_energy,13
2024-11-13 16:27:22,__desktop-qb9csk1_pcm_socket_counters(total_)_dram/memory_consumed_energy,0
2024-11-13 16:27:22,__desktop-qb9csk1_pcm_socket_counters(socket0)_dram/memory_consumed_energy,0
2024-11-13 16:27:22,__desktop-qb9csk1_pcm_socket_counters(total_)_package_c0-state_residency_(%),100
2024-11-13 16:27:22,__desktop-qb9csk1_pcm_socket_counters(socket0)_package_c0-state_residency_(%),100
2024-11-13 16:27:22,__desktop-qb9csk1_pcm_socket_counters(total_)_package_c2-state_residency_(%),0
2024-11-13 16:27:22,__desktop-qb9csk1_pcm_socket_counters(socket0)_package_c2-state_residency_(%),0
2024-11-13 16:27:22,__desktop-qb9csk1_pcm_socket_counters(total_)_package_c3-state_residency_(%),0
2024-11-13 16:27:22,__desktop-qb9csk1_pcm_socket_counters(socket0)_package_c3-state_residency_(%),0
2024-11-13 16:27:22,__desktop-qb9csk1_pcm_socket_counters(total_)_package_c6-state_residency_(%),0
2024-11-13 16:27:22,__desktop-qb9csk1_pcm_socket_counters(socket0)_package_c6-state_residency_(%),0
2024-11-13 16:27:22,__desktop-qb9csk1_pcm_socket_counters(total_)_package_c7-state_residency_(%),0
2024-11-13 16:27:22,__desktop-qb9csk1_pcm_socket_counters(socket0)_package_c7-state_residency_(%),0
2024-11-13 16:27:22,__desktop-qb9csk1_pcm_socket_counters(total_)_package_c8-state_residency_(%),0
2024-11-13 16:27:22,__desktop-qb9csk1_pcm_socket_counters(socket0)_package_c8-state_residency_(%),0
2024-11-13 16:27:22,__desktop-qb9csk1_pcm_socket_counters(total_)_package_c9-state_residency_(%),0
2024-11-13 16:27:22,__desktop-qb9csk1_pcm_socket_counters(socket0)_package_c9-state_residency_(%),0
2024-11-13 16:27:22,__desktop-qb9csk1_pcm_socket_counters(total_)_package_c10-state_residency_(%),0
2024-11-13 16:27:22,__desktop-qb9csk1_pcm_socket_counters(socket0)_package_c10-state_residency_(%),0
