#datatype measurement,dateTime:2006-01-02 15:04:05,tag,double
pcm_data,time,metric,value
pcm_data,2024-11-13 16:26:49,__desktop-qb9csk1_pcm_core_counters(total_)_clockticks,17223483663
pcm_data,2024-11-13 16:26:49,__desktop-qb9csk1_pcm_core_counters(socket0)_clockticks,17223483663
pcm_data,2024-11-13 16:26:49,__desktop-qb9csk1_pcm_core_counters(7)_clockticks,2096769840
pcm_data,2024-11-13 16:26:49,__desktop-qb9csk1_pcm_core_counters(6)_clockticks,2092305251
pcm_data,2024-11-13 16:26:49,__desktop-qb9csk1_pcm_core_counters(5)_clockticks,1900363555
pcm_data,2024-11-13 16:26:49,__desktop-qb9csk1_pcm_core_counters(4)_clockticks,1900504354
pcm_data,2024-11-13 16:26:49,__desktop-qb9csk1_pcm_core_counters(3)_clockticks,2321814024
pcm_data,2024-11-13 16:26:49,__desktop-qb9csk1_pcm_core_counters(2)_clockticks,2321693688
pcm_data,2024-11-13 16:26:49,__desktop-qb9csk1_pcm_core_counters(1)_clockticks,2294944542
pcm_data,2024-11-13 16:26:49,__desktop-qb9csk1_pcm_core_counters(0)_clockticks,2295088409
pcm_data,2024-11-13 16:26:49,__desktop-qb9csk1_pcm_core_counters(total_)_instructions_retired,13704397909
pcm_data,2024-11-13 16:26:49,__desktop-qb9csk1_pcm_core_counters(socket0)_instructions_retired,13704397909
pcm_data,2024-11-13 16:26:49,__desktop-qb9csk1_pcm_core_counters(7)_instructions_retired,1660989059
pcm_data,2024-11-13 16:26:49,__desktop-qb9csk1_pcm_core_counters(6)_instructions_retired,1661032821
pcm_data,2024-11-13 16:26:49,__desktop-qb9csk1_pcm_core_counters(5)_instructions_retired,1412931513
pcm_data,2024-11-13 16:26:49,__desktop-qb9csk1_pcm_core_counters(4)_instructions_retired,1413127634
pcm_data,2024-11-13 16:26:49,__desktop-qb9csk1_pcm_core_counters(3)_instructions_retired,2078058563
pcm_data,2024-11-13 16:26:49,__desktop-qb9csk1_pcm_core_counters(2)_instructions_retired,2077811588
pcm_data,2024-11-13 16:26:49,__desktop-qb9csk1_pcm_core_counters(1)_instructions_retired,1700231804
pcm_data,2024-11-13 16:26:49,__desktop-qb9csk1_pcm_core_counters(0)_instructions_retired,1700214927
pcm_data,2024-11-13 16:26:49,__desktop-qb9csk1_pcm_core_counters(total_)_l2_cache_misses,34248843
pcm_data,2024-11-13 16:26:49,__desktop-qb9csk1_pcm_core_counters(socket0)_l2_cache_misses,34248843
pcm_data,2024-11-13 16:26:49,__desktop-qb9csk1_pcm_core_counters(7)_l2_cache_misses,3610081
pcm_data,2024-11-13 16:26:49,__desktop-qb9csk1_pcm_core_counters(6)_l2_cache_misses,4341139
pcm_data,2024-11-13 16:26:49,__desktop-qb9csk1_pcm_core_counters(5)_l2_cache_misses,3319135
pcm_data,2024-11-13 16:26:49,__desktop-qb9csk1_pcm_core_counters(4)_l2_cache_misses,4402742
pcm_data,2024-11-13 16:26:49,__desktop-qb9csk1_pcm_core_counters(3)_l2_cache_misses,4763148
pcm_data,2024-11-13 16:26:49,__desktop-qb9csk1_pcm_core_counters(2)_l2_cache_misses,5156087
pcm_data,2024-11-13 16:26:49,__desktop-qb9csk1_pcm_core_counters(1)_l2_cache_misses,3909397
pcm_data,2024-11-13 16:26:49,__desktop-qb9csk1_pcm_core_counters(0)_l2_cache_misses,4747114
pcm_data,2024-11-13 16:26:49,__desktop-qb9csk1_pcm_core_counters(total_)_l3_cache_misses,7887838
pcm_data,2024-11-13 16:26:49,__desktop-qb9csk1_pcm_core_counters(socket0)_l3_cache_misses,7887838
pcm_data,2024-11-13 16:26:49,__desktop-qb9csk1_pcm_core_counters(7)_l3_cache_misses,969781
pcm_data,2024-11-13 16:26:49,__desktop-qb9csk1_pcm_core_counters(6)_l3_cache_misses,906491
pcm_data,2024-11-13 16:26:49,__desktop-qb9csk1_pcm_core_counters(5)_l3_cache_misses,902686
pcm_data,2024-11-13 16:26:49,__desktop-qb9csk1_pcm_core_counters(4)_l3_cache_misses,924200
pcm_data,2024-11-13 16:26:49,__desktop-qb9csk1_pcm_core_counters(3)_l3_cache_misses,987645
pcm_data,2024-11-13 16:26:49,__desktop-qb9csk1_pcm_core_counters(2)_l3_cache_misses,1024321
pcm_data,2024-11-13 16:26:49,__desktop-qb9csk1_pcm_core_counters(1)_l3_cache_misses,970667
pcm_data,2024-11-13 16:26:49,__desktop-qb9csk1_pcm_core_counters(0)_l3_cache_misses,1202047
pcm_data,2024-11-13 16:26:49,__desktop-qb9csk1_pcm_core_counters(total_)_instructions_per_clocktick_(ipc),0.795677485636011
pcm_data,2024-11-13 16:26:49,__desktop-qb9csk1_pcm_core_counters(socket0)_instructions_per_clocktick_(ipc),0.795677485636011
pcm_data,2024-11-13 16:26:49,__desktop-qb9csk1_pcm_core_counters(7)_instructions_per_clocktick_(ipc),0.792211039569919
pcm_data,2024-11-13 16:26:49,__desktop-qb9csk1_pcm_core_counters(6)_instructions_per_clocktick_(ipc),0.793835745160684
pcm_data,2024-11-13 16:26:49,__desktop-qb9csk1_pcm_core_counters(5)_instructions_per_clocktick_(ipc),0.743430581419408
pcm_data,2024-11-13 16:26:49,__desktop-qb9csk1_pcm_core_counters(4)_instructions_per_clocktick_(ipc),0.74351724137931
pcm_data,2024-11-13 16:26:49,__desktop-qb9csk1_pcm_core_counters(3)_instructions_per_clocktick_(ipc),0.895054758947725
pcm_data,2024-11-13 16:26:49,__desktop-qb9csk1_pcm_core_counters(2)_instructions_per_clocktick_(ipc),0.894992378479083
pcm_data,2024-11-13 16:26:49,__desktop-qb9csk1_pcm_core_counters(1)_instructions_per_clocktick_(ipc),0.740876120852133
pcm_data,2024-11-13 16:26:49,__desktop-qb9csk1_pcm_core_counters(0)_instructions_per_clocktick_(ipc),0.740833809251856
pcm_data,2024-11-13 16:26:49,__desktop-qb9csk1_pcm_core_counters(total_)_relative_frequency_(%),51.2605959890305
pcm_data,2024-11-13 16:26:49,__desktop-qb9csk1_pcm_core_counters(socket0)_relative_frequency_(%),51.2605959890305
pcm_data,2024-11-13 16:26:49,__desktop-qb9csk1_pcm_core_counters(7)_relative_frequency_(%),49.9235402427987
pcm_data,2024-11-13 16:26:49,__desktop-qb9csk1_pcm_core_counters(6)_relative_frequency_(%),49.8174328246419
pcm_data,2024-11-13 16:26:49,__desktop-qb9csk1_pcm_core_counters(5)_relative_frequency_(%),45.2485722310645
pcm_data,2024-11-13 16:26:49,__desktop-qb9csk1_pcm_core_counters(4)_relative_frequency_(%),45.2516930374809
pcm_data,2024-11-13 16:26:49,__desktop-qb9csk1_pcm_core_counters(3)_relative_frequency_(%),55.2819648597198
pcm_data,2024-11-13 16:26:49,__desktop-qb9csk1_pcm_core_counters(2)_relative_frequency_(%),55.2788440533034
pcm_data,2024-11-13 16:26:49,__desktop-qb9csk1_pcm_core_counters(1)_relative_frequency_(%),54.6421995443623
pcm_data,2024-11-13 16:26:49,__desktop-qb9csk1_pcm_core_counters(0)_relative_frequency_(%),54.6453203507786
pcm_data,2024-11-13 16:26:49,__desktop-qb9csk1_pcm_core_counters(total_)_thermal_headroom_below_tjmax,1.84467440715621E+19
pcm_data,2024-11-13 16:26:49,__desktop-qb9csk1_pcm_core_counters(socket0)_thermal_headroom_below_tjmax,18
pcm_data,2024-11-13 16:26:49,__desktop-qb9csk1_pcm_core_counters(7)_thermal_headroom_below_tjmax,20
pcm_data,2024-11-13 16:26:49,__desktop-qb9csk1_pcm_core_counters(6)_thermal_headroom_below_tjmax,20
pcm_data,2024-11-13 16:26:49,__desktop-qb9csk1_pcm_core_counters(5)_thermal_headroom_below_tjmax,20
pcm_data,2024-11-13 16:26:49,__desktop-qb9csk1_pcm_core_counters(4)_thermal_headroom_below_tjmax,20
pcm_data,2024-11-13 16:26:49,__desktop-qb9csk1_pcm_core_counters(3)_thermal_headroom_below_tjmax,18
pcm_data,2024-11-13 16:26:49,__desktop-qb9csk1_pcm_core_counters(2)_thermal_headroom_below_tjmax,18
pcm_data,2024-11-13 16:26:49,__desktop-qb9csk1_pcm_core_counters(1)_thermal_headroom_below_tjmax,18
pcm_data,2024-11-13 16:26:49,__desktop-qb9csk1_pcm_core_counters(0)_thermal_headroom_below_tjmax,18
pcm_data,2024-11-13 16:26:49,__desktop-qb9csk1_pcm_core_counters(total_)_core_c0-state_residency_(%),59.8
pcm_data,2024-11-13 16:26:49,__desktop-qb9csk1_pcm_core_counters(socket0)_core_c0-state_residency_(%),59.8
pcm_data,2024-11-13 16:26:49,__desktop-qb9csk1_pcm_core_counters(7)_core_c0-state_residency_(%),58.2
pcm_data,2024-11-13 16:26:49,__desktop-qb9csk1_pcm_core_counters(6)_core_c0-state_residency_(%),58.1
pcm_data,2024-11-13 16:26:49,__desktop-qb9csk1_pcm_core_counters(5)_core_c0-state_residency_(%),53.3
pcm_data,2024-11-13 16:26:49,__desktop-qb9csk1_pcm_core_counters(4)_core_c0-state_residency_(%),53.3
pcm_data,2024-11-13 16:26:49,__desktop-qb9csk1_pcm_core_counters(3)_core_c0-state_residency_(%),63.6
pcm_data,2024-11-13 16:26:49,__desktop-qb9csk1_pcm_core_counters(2)_core_c0-state_residency_(%),63.6
pcm_data,2024-11-13 16:26:49,__desktop-qb9csk1_pcm_core_counters(1)_core_c0-state_residency_(%),64.2
pcm_data,2024-11-13 16:26:49,__desktop-qb9csk1_pcm_core_counters(0)_core_c0-state_residency_(%),64.2
pcm_data,2024-11-13 16:26:49,__desktop-qb9csk1_pcm_core_counters(total_)_core_c1-state_residency_(%),20.4
pcm_data,2024-11-13 16:26:49,__desktop-qb9csk1_pcm_core_counters(socket0)_core_c1-state_residency_(%),20.4
pcm_data,2024-11-13 16:26:49,__desktop-qb9csk1_pcm_core_counters(7)_core_c1-state_residency_(%),19.7
pcm_data,2024-11-13 16:26:49,__desktop-qb9csk1_pcm_core_counters(6)_core_c1-state_residency_(%),19.8
pcm_data,2024-11-13 16:26:49,__desktop-qb9csk1_pcm_core_counters(5)_core_c1-state_residency_(%),23
pcm_data,2024-11-13 16:26:49,__desktop-qb9csk1_pcm_core_counters(4)_core_c1-state_residency_(%),23
pcm_data,2024-11-13 16:26:49,__desktop-qb9csk1_pcm_core_counters(3)_core_c1-state_residency_(%),18.5
pcm_data,2024-11-13 16:26:49,__desktop-qb9csk1_pcm_core_counters(2)_core_c1-state_residency_(%),18.5
pcm_data,2024-11-13 16:26:49,__desktop-qb9csk1_pcm_core_counters(1)_core_c1-state_residency_(%),20.4
pcm_data,2024-11-13 16:26:49,__desktop-qb9csk1_pcm_core_counters(0)_core_c1-state_residency_(%),20.4
pcm_data,2024-11-13 16:26:49,__desktop-qb9csk1_pcm_core_counters(total_)_core_c3-state_residency_(%),3.1
pcm_data,2024-11-13 16:26:49,__desktop-qb9csk1_pcm_core_counters(socket0)_core_c3-state_residency_(%),3.1
pcm_data,2024-11-13 16:26:49,__desktop-qb9csk1_pcm_core_counters(7)_core_c3-state_residency_(%),2.6
pcm_data,2024-11-13 16:26:49,__desktop-qb9csk1_pcm_core_counters(6)_core_c3-state_residency_(%),2.6
pcm_data,2024-11-13 16:26:49,__desktop-qb9csk1_pcm_core_counters(5)_core_c3-state_residency_(%),3.4
pcm_data,2024-11-13 16:26:49,__desktop-qb9csk1_pcm_core_counters(4)_core_c3-state_residency_(%),3.4
pcm_data,2024-11-13 16:26:49,__desktop-qb9csk1_pcm_core_counters(3)_core_c3-state_residency_(%),3.9
pcm_data,2024-11-13 16:26:49,__desktop-qb9csk1_pcm_core_counters(2)_core_c3-state_residency_(%),3.9
pcm_data,2024-11-13 16:26:49,__desktop-qb9csk1_pcm_core_counters(1)_core_c3-state_residency_(%),2.6
pcm_data,2024-11-13 16:26:49,__desktop-qb9csk1_pcm_core_counters(0)_core_c3-state_residency_(%),2.6
pcm_data,2024-11-13 16:26:49,__desktop-qb9csk1_pcm_core_counters(total_)_core_c6-state_residency_(%),0
pcm_data,2024-11-13 16:26:49,__desktop-qb9csk1_pcm_core_counters(socket0)_core_c6-state_residency_(%),0
pcm_data,2024-11-13 16:26:49,__desktop-qb9csk1_pcm_core_counters(7)_core_c6-state_residency_(%),0
pcm_data,2024-11-13 16:26:49,__desktop-qb9csk1_pcm_core_counters(6)_core_c6-state_residency_(%),0
pcm_data,2024-11-13 16:26:49,__desktop-qb9csk1_pcm_core_counters(5)_core_c6-state_residency_(%),0
pcm_data,2024-11-13 16:26:49,__desktop-qb9csk1_pcm_core_counters(4)_core_c6-state_residency_(%),0
pcm_data,2024-11-13 16:26:49,__desktop-qb9csk1_pcm_core_counters(3)_core_c6-state_residency_(%),0
pcm_data,2024-11-13 16:26:49,__desktop-qb9csk1_pcm_core_counters(2)_core_c6-state_residency_(%),0
pcm_data,2024-11-13 16:26:49,__desktop-qb9csk1_pcm_core_counters(1)_core_c6-state_residency_(%),0
pcm_data,2024-11-13 16:26:49,__desktop-qb9csk1_pcm_core_counters(0)_core_c6-state_residency_(%),0
pcm_data,2024-11-13 16:26:49,__desktop-qb9csk1_pcm_core_counters(total_)_core_c7-state_residency_(%),16.5
pcm_data,2024-11-13 16:26:49,__desktop-qb9csk1_pcm_core_counters(socket0)_core_c7-state_residency_(%),16.5
pcm_data,2024-11-13 16:26:49,__desktop-qb9csk1_pcm_core_counters(7)_core_c7-state_residency_(%),19.3
pcm_data,2024-11-13 16:26:49,__desktop-qb9csk1_pcm_core_counters(6)_core_c7-state_residency_(%),19.4
pcm_data,2024-11-13 16:26:49,__desktop-qb9csk1_pcm_core_counters(5)_core_c7-state_residency_(%),20
pcm_data,2024-11-13 16:26:49,__desktop-qb9csk1_pcm_core_counters(4)_core_c7-state_residency_(%),20
pcm_data,2024-11-13 16:26:49,__desktop-qb9csk1_pcm_core_counters(3)_core_c7-state_residency_(%),13.8
pcm_data,2024-11-13 16:26:49,__desktop-qb9csk1_pcm_core_counters(2)_core_c7-state_residency_(%),13.8
pcm_data,2024-11-13 16:26:49,__desktop-qb9csk1_pcm_core_counters(1)_core_c7-state_residency_(%),12.6
pcm_data,2024-11-13 16:26:49,__desktop-qb9csk1_pcm_core_counters(0)_core_c7-state_residency_(%),12.6
pcm_data,2024-11-13 16:26:49,__desktop-qb9csk1_pcm_qpi_counters(total_)_qpi_link_bandwidth,0
pcm_data,2024-11-13 16:26:49,__desktop-qb9csk1_pcm_qpi_counters(socket0)_qpi_link_bandwidth,0
pcm_data,2024-11-13 16:26:49,__desktop-qb9csk1_pcm_socket_counters(total_)_memory_read_bandwidth,5643379392
pcm_data,2024-11-13 16:26:49,__desktop-qb9csk1_pcm_socket_counters(socket0)_memory_read_bandwidth,5643379392
pcm_data,2024-11-13 16:26:49,__desktop-qb9csk1_pcm_socket_counters(total_)_memory_write_bandwidth,1048815552
pcm_data,2024-11-13 16:26:49,__desktop-qb9csk1_pcm_socket_counters(socket0)_memory_write_bandwidth,1048815552
pcm_data,2024-11-13 16:26:49,__desktop-qb9csk1_pcm_socket_counters(total_)_package/socket_consumed_energy,39
pcm_data,2024-11-13 16:26:49,__desktop-qb9csk1_pcm_socket_counters(socket0)_package/socket_consumed_energy,39
pcm_data,2024-11-13 16:26:49,__desktop-qb9csk1_pcm_socket_counters(total_)_dram/memory_consumed_energy,0
pcm_data,2024-11-13 16:26:49,__desktop-qb9csk1_pcm_socket_counters(socket0)_dram/memory_consumed_energy,0
pcm_data,2024-11-13 16:26:49,__desktop-qb9csk1_pcm_socket_counters(total_)_package_c0-state_residency_(%),100
pcm_data,2024-11-13 16:26:49,__desktop-qb9csk1_pcm_socket_counters(socket0)_package_c0-state_residency_(%),100
pcm_data,2024-11-13 16:26:49,__desktop-qb9csk1_pcm_socket_counters(total_)_package_c2-state_residency_(%),0
pcm_data,2024-11-13 16:26:49,__desktop-qb9csk1_pcm_socket_counters(socket0)_package_c2-state_residency_(%),0
pcm_data,2024-11-13 16:26:49,__desktop-qb9csk1_pcm_socket_counters(total_)_package_c3-state_residency_(%),0
pcm_data,2024-11-13 16:26:49,__desktop-qb9csk1_pcm_socket_counters(socket0)_package_c3-state_residency_(%),0
pcm_data,2024-11-13 16:26:49,__desktop-qb9csk1_pcm_socket_counters(total_)_package_c6-state_residency_(%),0
pcm_data,2024-11-13 16:26:49,__desktop-qb9csk1_pcm_socket_counters(socket0)_package_c6-state_residency_(%),0
pcm_data,2024-11-13 16:26:49,__desktop-qb9csk1_pcm_socket_counters(total_)_package_c7-state_residency_(%),0
pcm_data,2024-11-13 16:26:49,__desktop-qb9csk1_pcm_socket_counters(socket0)_package_c7-state_residency_(%),0
pcm_data,2024-11-13 16:26:49,__desktop-qb9csk1_pcm_socket_counters(total_)_package_c8-state_residency_(%),0
pcm_data,2024-11-13 16:26:49,__desktop-qb9csk1_pcm_socket_counters(socket0)_package_c8-state_residency_(%),0
pcm_data,2024-11-13 16:26:49,__desktop-qb9csk1_pcm_socket_counters(total_)_package_c9-state_residency_(%),0
pcm_data,2024-11-13 16:26:49,__desktop-qb9csk1_pcm_socket_counters(socket0)_package_c9-state_residency_(%),0
pcm_data,2024-11-13 16:26:49,__desktop-qb9csk1_pcm_socket_counters(total_)_package_c10-state_residency_(%),0
pcm_data,2024-11-13 16:26:49,__desktop-qb9csk1_pcm_socket_counters(socket0)_package_c10-state_residency_(%),0
pcm_data,2024-11-13 16:27:00,__desktop-qb9csk1_pcm_core_counters(total_)_clockticks,3554882535
pcm_data,2024-11-13 16:27:00,__desktop-qb9csk1_pcm_core_counters(socket0)_clockticks,3554882535
pcm_data,2024-11-13 16:27:00,__desktop-qb9csk1_pcm_core_counters(7)_clockticks,391718356
pcm_data,2024-11-13 16:27:00,__desktop-qb9csk1_pcm_core_counters(6)_clockticks,392053141
pcm_data,2024-11-13 16:27:00,__desktop-qb9csk1_pcm_core_counters(5)_clockticks,341125183
pcm_data,2024-11-13 16:27:00,__desktop-qb9csk1_pcm_core_counters(4)_clockticks,341441925
pcm_data,2024-11-13 16:27:00,__desktop-qb9csk1_pcm_core_counters(3)_clockticks,397936371
pcm_data,2024-11-13 16:27:00,__desktop-qb9csk1_pcm_core_counters(2)_clockticks,398183547
pcm_data,2024-11-13 16:27:00,__desktop-qb9csk1_pcm_core_counters(1)_clockticks,646569502
pcm_data,2024-11-13 16:27:00,__desktop-qb9csk1_pcm_core_counters(0)_clockticks,645854510
pcm_data,2024-11-13 16:27:00,__desktop-qb9csk1_pcm_core_counters(total_)_instructions_retired,1993338082
pcm_data,2024-11-13 16:27:00,__desktop-qb9csk1_pcm_core_counters(socket0)_instructions_retired,1993338082
pcm_data,2024-11-13 16:27:00,__desktop-qb9csk1_pcm_core_counters(7)_instructions_retired,225732978
pcm_data,2024-11-13 16:27:00,__desktop-qb9csk1_pcm_core_counters(6)_instructions_retired,224906807
pcm_data,2024-11-13 16:27:00,__desktop-qb9csk1_pcm_core_counters(5)_instructions_retired,168691676
pcm_data,2024-11-13 16:27:00,__desktop-qb9csk1_pcm_core_counters(4)_instructions_retired,168364155
pcm_data,2024-11-13 16:27:00,__desktop-qb9csk1_pcm_core_counters(3)_instructions_retired,237197274
pcm_data,2024-11-13 16:27:00,__desktop-qb9csk1_pcm_core_counters(2)_instructions_retired,237146821
pcm_data,2024-11-13 16:27:00,__desktop-qb9csk1_pcm_core_counters(1)_instructions_retired,365940380
pcm_data,2024-11-13 16:27:00,__desktop-qb9csk1_pcm_core_counters(0)_instructions_retired,365357991
pcm_data,2024-11-13 16:27:00,__desktop-qb9csk1_pcm_core_counters(total_)_l2_cache_misses,6260090
pcm_data,2024-11-13 16:27:00,__desktop-qb9csk1_pcm_core_counters(socket0)_l2_cache_misses,6260090
pcm_data,2024-11-13 16:27:00,__desktop-qb9csk1_pcm_core_counters(7)_l2_cache_misses,944886
pcm_data,2024-11-13 16:27:00,__desktop-qb9csk1_pcm_core_counters(6)_l2_cache_misses,540476
pcm_data,2024-11-13 16:27:00,__desktop-qb9csk1_pcm_core_counters(5)_l2_cache_misses,496754
pcm_data,2024-11-13 16:27:00,__desktop-qb9csk1_pcm_core_counters(4)_l2_cache_misses,772014
pcm_data,2024-11-13 16:27:00,__desktop-qb9csk1_pcm_core_counters(3)_l2_cache_misses,421301
pcm_data,2024-11-13 16:27:00,__desktop-qb9csk1_pcm_core_counters(2)_l2_cache_misses,870526
pcm_data,2024-11-13 16:27:00,__desktop-qb9csk1_pcm_core_counters(1)_l2_cache_misses,760061
pcm_data,2024-11-13 16:27:00,__desktop-qb9csk1_pcm_core_counters(0)_l2_cache_misses,1454072
pcm_data,2024-11-13 16:27:00,__desktop-qb9csk1_pcm_core_counters(total_)_l3_cache_misses,1451508
pcm_data,2024-11-13 16:27:00,__desktop-qb9csk1_pcm_core_counters(socket0)_l3_cache_misses,1451508
pcm_data,2024-11-13 16:27:00,__desktop-qb9csk1_pcm_core_counters(7)_l3_cache_misses,239293
pcm_data,2024-11-13 16:27:00,__desktop-qb9csk1_pcm_core_counters(6)_l3_cache_misses,134132
pcm_data,2024-11-13 16:27:00,__desktop-qb9csk1_pcm_core_counters(5)_l3_cache_misses,119545
pcm_data,2024-11-13 16:27:00,__desktop-qb9csk1_pcm_core_counters(4)_l3_cache_misses,180972
pcm_data,2024-11-13 16:27:00,__desktop-qb9csk1_pcm_core_counters(3)_l3_cache_misses,101125
pcm_data,2024-11-13 16:27:00,__desktop-qb9csk1_pcm_core_counters(2)_l3_cache_misses,181687
pcm_data,2024-11-13 16:27:00,__desktop-qb9csk1_pcm_core_counters(1)_l3_cache_misses,214672
pcm_data,2024-11-13 16:27:00,__desktop-qb9csk1_pcm_core_counters(0)_l3_cache_misses,280082
pcm_data,2024-11-13 16:27:00,__desktop-qb9csk1_pcm_core_counters(total_)_instructions_per_clocktick_(ipc),0.560688739768454
pcm_data,2024-11-13 16:27:00,__desktop-qb9csk1_pcm_core_counters(socket0)_instructions_per_clocktick_(ipc),0.560688739768454
pcm_data,2024-11-13 16:27:00,__desktop-qb9csk1_pcm_core_counters(7)_instructions_per_clocktick_(ipc),0.576305220883534
pcm_data,2024-11-13 16:27:00,__desktop-qb9csk1_pcm_core_counters(6)_instructions_per_clocktick_(ipc),0.573386827148111
pcm_data,2024-11-13 16:27:00,__desktop-qb9csk1_pcm_core_counters(5)_instructions_per_clocktick_(ipc),0.494429504417979
pcm_data,2024-11-13 16:27:00,__desktop-qb9csk1_pcm_core_counters(4)_instructions_per_clocktick_(ipc),0.493282149712092
pcm_data,2024-11-13 16:27:00,__desktop-qb9csk1_pcm_core_counters(3)_instructions_per_clocktick_(ipc),0.596179183135705
pcm_data,2024-11-13 16:27:00,__desktop-qb9csk1_pcm_core_counters(2)_instructions_per_clocktick_(ipc),0.595982877839974
pcm_data,2024-11-13 16:27:00,__desktop-qb9csk1_pcm_core_counters(1)_instructions_per_clocktick_(ipc),0.565984188120819
pcm_data,2024-11-13 16:27:00,__desktop-qb9csk1_pcm_core_counters(0)_instructions_per_clocktick_(ipc),0.565861579054191
pcm_data,2024-11-13 16:27:00,__desktop-qb9csk1_pcm_core_counters(total_)_relative_frequency_(%),10.5801901329058
pcm_data,2024-11-13 16:27:00,__desktop-qb9csk1_pcm_core_counters(socket0)_relative_frequency_(%),10.5801901329058
pcm_data,2024-11-13 16:27:00,__desktop-qb9csk1_pcm_core_counters(7)_relative_frequency_(%),9.32496957213744
pcm_data,2024-11-13 16:27:00,__desktop-qb9csk1_pcm_core_counters(6)_relative_frequency_(%),9.33433199138657
pcm_data,2024-11-13 16:27:00,__desktop-qb9csk1_pcm_core_counters(5)_relative_frequency_(%),8.12345910183191
pcm_data,2024-11-13 16:27:00,__desktop-qb9csk1_pcm_core_counters(4)_relative_frequency_(%),8.12970071466467
pcm_data,2024-11-13 16:27:00,__desktop-qb9csk1_pcm_core_counters(3)_relative_frequency_(%),9.47476828012358
pcm_data,2024-11-13 16:27:00,__desktop-qb9csk1_pcm_core_counters(2)_relative_frequency_(%),9.47788908653996
pcm_data,2024-11-13 16:27:00,__desktop-qb9csk1_pcm_core_counters(1)_relative_frequency_(%),15.3949380519926
pcm_data,2024-11-13 16:27:00,__desktop-qb9csk1_pcm_core_counters(0)_relative_frequency_(%),15.3762132134944
pcm_data,2024-11-13 16:27:00,__desktop-qb9csk1_pcm_core_counters(total_)_thermal_headroom_below_tjmax,1.84467440715621E+19
pcm_data,2024-11-13 16:27:00,__desktop-qb9csk1_pcm_core_counters(socket0)_thermal_headroom_below_tjmax,25
pcm_data,2024-11-13 16:27:00,__desktop-qb9csk1_pcm_core_counters(7)_thermal_headroom_below_tjmax,27
pcm_data,2024-11-13 16:27:00,__desktop-qb9csk1_pcm_core_counters(6)_thermal_headroom_below_tjmax,27
pcm_data,2024-11-13 16:27:00,__desktop-qb9csk1_pcm_core_counters(5)_thermal_headroom_below_tjmax,28
pcm_data,2024-11-13 16:27:00,__desktop-qb9csk1_pcm_core_counters(4)_thermal_headroom_below_tjmax,28
pcm_data,2024-11-13 16:27:00,__desktop-qb9csk1_pcm_core_counters(3)_thermal_headroom_below_tjmax,26
pcm_data,2024-11-13 16:27:00,__desktop-qb9csk1_pcm_core_counters(2)_thermal_headroom_below_tjmax,26
pcm_data,2024-11-13 16:27:00,__desktop-qb9csk1_pcm_core_counters(1)_thermal_headroom_below_tjmax,26
pcm_data,2024-11-13 16:27:00,__desktop-qb9csk1_pcm_core_counters(0)_thermal_headroom_below_tjmax,26
pcm_data,2024-11-13 16:27:00,__desktop-qb9csk1_pcm_core_counters(total_)_core_c0-state_residency_(%),17.2
pcm_data,2024-11-13 16:27:00,__desktop-qb9csk1_pcm_core_counters(socket0)_core_c0-state_residency_(%),17.2
pcm_data,2024-11-13 16:27:00,__desktop-qb9csk1_pcm_core_counters(7)_core_c0-state_residency_(%),15
pcm_data,2024-11-13 16:27:00,__desktop-qb9csk1_pcm_core_counters(6)_core_c0-state_residency_(%),15
pcm_data,2024-11-13 16:27:00,__desktop-qb9csk1_pcm_core_counters(5)_core_c0-state_residency_(%),13.2
pcm_data,2024-11-13 16:27:00,__desktop-qb9csk1_pcm_core_counters(4)_core_c0-state_residency_(%),13.2
pcm_data,2024-11-13 16:27:00,__desktop-qb9csk1_pcm_core_counters(3)_core_c0-state_residency_(%),15.5
pcm_data,2024-11-13 16:27:00,__desktop-qb9csk1_pcm_core_counters(2)_core_c0-state_residency_(%),15.5
pcm_data,2024-11-13 16:27:00,__desktop-qb9csk1_pcm_core_counters(1)_core_c0-state_residency_(%),25.1
pcm_data,2024-11-13 16:27:00,__desktop-qb9csk1_pcm_core_counters(0)_core_c0-state_residency_(%),25.1
pcm_data,2024-11-13 16:27:00,__desktop-qb9csk1_pcm_core_counters(total_)_core_c1-state_residency_(%),5
pcm_data,2024-11-13 16:27:00,__desktop-qb9csk1_pcm_core_counters(socket0)_core_c1-state_residency_(%),5
pcm_data,2024-11-13 16:27:00,__desktop-qb9csk1_pcm_core_counters(7)_core_c1-state_residency_(%),4.1
pcm_data,2024-11-13 16:27:00,__desktop-qb9csk1_pcm_core_counters(6)_core_c1-state_residency_(%),4.1
pcm_data,2024-11-13 16:27:00,__desktop-qb9csk1_pcm_core_counters(5)_core_c1-state_residency_(%),5.2
pcm_data,2024-11-13 16:27:00,__desktop-qb9csk1_pcm_core_counters(4)_core_c1-state_residency_(%),5.2
pcm_data,2024-11-13 16:27:00,__desktop-qb9csk1_pcm_core_counters(3)_core_c1-state_residency_(%),4.3
pcm_data,2024-11-13 16:27:00,__desktop-qb9csk1_pcm_core_counters(2)_core_c1-state_residency_(%),4.2
pcm_data,2024-11-13 16:27:00,__desktop-qb9csk1_pcm_core_counters(1)_core_c1-state_residency_(%),6.6
pcm_data,2024-11-13 16:27:00,__desktop-qb9csk1_pcm_core_counters(0)_core_c1-state_residency_(%),6.6
pcm_data,2024-11-13 16:27:00,__desktop-qb9csk1_pcm_core_counters(total_)_core_c3-state_residency_(%),0.8
pcm_data,2024-11-13 16:27:00,__desktop-qb9csk1_pcm_core_counters(socket0)_core_c3-state_residency_(%),0.8
pcm_data,2024-11-13 16:27:00,__desktop-qb9csk1_pcm_core_counters(7)_core_c3-state_residency_(%),0.2
pcm_data,2024-11-13 16:27:00,__desktop-qb9csk1_pcm_core_counters(6)_core_c3-state_residency_(%),0.2
pcm_data,2024-11-13 16:27:00,__desktop-qb9csk1_pcm_core_counters(5)_core_c3-state_residency_(%),1.1
pcm_data,2024-11-13 16:27:00,__desktop-qb9csk1_pcm_core_counters(4)_core_c3-state_residency_(%),1.1
pcm_data,2024-11-13 16:27:00,__desktop-qb9csk1_pcm_core_counters(3)_core_c3-state_residency_(%),1.8
pcm_data,2024-11-13 16:27:00,__desktop-qb9csk1_pcm_core_counters(2)_core_c3-state_residency_(%),1.8
pcm_data,2024-11-13 16:27:00,__desktop-qb9csk1_pcm_core_counters(1)_core_c3-state_residency_(%),0
pcm_data,2024-11-13 16:27:00,__desktop-qb9csk1_pcm_core_counters(0)_core_c3-state_residency_(%),0
pcm_data,2024-11-13 16:27:00,__desktop-qb9csk1_pcm_core_counters(total_)_core_c6-state_residency_(%),0
pcm_data,2024-11-13 16:27:00,__desktop-qb9csk1_pcm_core_counters(socket0)_core_c6-state_residency_(%),0
pcm_data,2024-11-13 16:27:00,__desktop-qb9csk1_pcm_core_counters(7)_core_c6-state_residency_(%),0
pcm_data,2024-11-13 16:27:00,__desktop-qb9csk1_pcm_core_counters(6)_core_c6-state_residency_(%),0
pcm_data,2024-11-13 16:27:00,__desktop-qb9csk1_pcm_core_counters(5)_core_c6-state_residency_(%),0
pcm_data,2024-11-13 16:27:00,__desktop-qb9csk1_pcm_core_counters(4)_core_c6-state_residency_(%),0
pcm_data,2024-11-13 16:27:00,__desktop-qb9csk1_pcm_core_counters(3)_core_c6-state_residency_(%),0
pcm_data,2024-11-13 16:27:00,__desktop-qb9csk1_pcm_core_counters(2)_core_c6-state_residency_(%),0
pcm_data,2024-11-13 16:27:00,__desktop-qb9csk1_pcm_core_counters(1)_core_c6-state_residency_(%),0
pcm_data,2024-11-13 16:27:00,__desktop-qb9csk1_pcm_core_counters(0)_core_c6-state_residency_(%),0
pcm_data,2024-11-13 16:27:00,__desktop-qb9csk1_pcm_core_counters(total_)_core_c7-state_residency_(%),76.8
pcm_data,2024-11-13 16:27:00,__desktop-qb9csk1_pcm_core_counters(socket0)_core_c7-state_residency_(%),76.8
pcm_data,2024-11-13 16:27:00,__desktop-qb9csk1_pcm_core_counters(7)_core_c7-state_residency_(%),80.5
pcm_data,2024-11-13 16:27:00,__desktop-qb9csk1_pcm_core_counters(6)_core_c7-state_residency_(%),80.5
pcm_data,2024-11-13 16:27:00,__desktop-qb9csk1_pcm_core_counters(5)_core_c7-state_residency_(%),80.2
pcm_data,2024-11-13 16:27:00,__desktop-qb9csk1_pcm_core_counters(4)_core_c7-state_residency_(%),80.2
pcm_data,2024-11-13 16:27:00,__desktop-qb9csk1_pcm_core_counters(3)_core_c7-state_residency_(%),78.2
pcm_data,2024-11-13 16:27:00,__desktop-qb9csk1_pcm_core_counters(2)_core_c7-state_residency_(%),78.2
pcm_data,2024-11-13 16:27:00,__desktop-qb9csk1_pcm_core_counters(1)_core_c7-state_residency_(%),68.1
pcm_data,2024-11-13 16:27:00,__desktop-qb9csk1_pcm_core_counters(0)_core_c7-state_residency_(%),68.1
pcm_data,2024-11-13 16:27:00,__desktop-qb9csk1_pcm_qpi_counters(total_)_qpi_link_bandwidth,0
pcm_data,2024-11-13 16:27:00,__desktop-qb9csk1_pcm_qpi_counters(socket0)_qpi_link_bandwidth,0
pcm_data,2024-11-13 16:27:00,__desktop-qb9csk1_pcm_socket_counters(total_)_memory_read_bandwidth,1162383069
pcm_data,2024-11-13 16:27:00,__desktop-qb9csk1_pcm_socket_counters(socket0)_memory_read_bandwidth,1162383069
pcm_data,2024-11-13 16:27:00,__desktop-qb9csk1_pcm_socket_counters(total_)_memory_write_bandwidth,151997793
pcm_data,2024-11-13 16:27:00,__desktop-qb9csk1_pcm_socket_counters(socket0)_memory_write_bandwidth,151997793
pcm_data,2024-11-13 16:27:00,__desktop-qb9csk1_pcm_socket_counters(total_)_package/socket_consumed_energy,11
pcm_data,2024-11-13 16:27:00,__desktop-qb9csk1_pcm_socket_counters(socket0)_package/socket_consumed_energy,11
pcm_data,2024-11-13 16:27:00,__desktop-qb9csk1_pcm_socket_counters(total_)_dram/memory_consumed_energy,0
pcm_data,2024-11-13 16:27:00,__desktop-qb9csk1_pcm_socket_counters(socket0)_dram/memory_consumed_energy,0
pcm_data,2024-11-13 16:27:00,__desktop-qb9csk1_pcm_socket_counters(total_)_package_c0-state_residency_(%),100
pcm_data,2024-11-13 16:27:00,__desktop-qb9csk1_pcm_socket_counters(socket0)_package_c0-state_residency_(%),100
pcm_data,2024-11-13 16:27:00,__desktop-qb9csk1_pcm_socket_counters(total_)_package_c2-state_residency_(%),0
pcm_data,2024-11-13 16:27:00,__desktop-qb9csk1_pcm_socket_counters(socket0)_package_c2-state_residency_(%),0
pcm_data,2024-11-13 16:27:00,__desktop-qb9csk1_pcm_socket_counters(total_)_package_c3-state_residency_(%),0
pcm_data,2024-11-13 16:27:00,__desktop-qb9csk1_pcm_socket_counters(socket0)_package_c3-state_residency_(%),0
pcm_data,2024-11-13 16:27:00,__desktop-qb9csk1_pcm_socket_counters(total_)_package_c6-state_residency_(%),0
pcm_data,2024-11-13 16:27:00,__desktop-qb9csk1_pcm_socket_counters(socket0)_package_c6-state_residency_(%),0
pcm_data,2024-11-13 16:27:00,__desktop-qb9csk1_pcm_socket_counters(total_)_package_c7-state_residency_(%),0
pcm_data,2024-11-13 16:27:00,__desktop-qb9csk1_pcm_socket_counters(socket0)_package_c7-state_residency_(%),0
pcm_data,2024-11-13 16:27:00,__desktop-qb9csk1_pcm_socket_counters(total_)_package_c8-state_residency_(%),0
pcm_data,2024-11-13 16:27:00,__desktop-qb9csk1_pcm_socket_counters(socket0)_package_c8-state_residency_(%),0
pcm_data,2024-11-13 16:27:00,__desktop-qb9csk1_pcm_socket_counters(total_)_package_c9-state_residency_(%),0
pcm_data,2024-11-13 16:27:00,__desktop-qb9csk1_pcm_socket_counters(socket0)_package_c9-state_residency_(%),0
pcm_data,2024-11-13 16:27:00,__desktop-qb9csk1_pcm_socket_counters(total_)_package_c10-state_residency_(%),0
pcm_data,2024-11-13 16:27:00,__desktop-qb9csk1_pcm_socket_counters(socket0)_package_c10-state_residency_(%),0
pcm_data,2024-11-13 16:27:11,__desktop-qb9csk1_pcm_core_counters(total_)_clockticks,3949177474
pcm_data,2024-11-13 16:27:11,__desktop-qb9csk1_pcm_core_counters(socket0)_clockticks,3949177474
pcm_data,2024-11-13 16:27:11,__desktop-qb9csk1_pcm_core_counters(7)_clockticks,386672085
pcm_data,2024-11-13 16:27:11,__desktop-qb9csk1_pcm_core_counters(6)_clockticks,386968254
pcm_data,2024-11-13 16:27:11,__desktop-qb9csk1_pcm_core_counters(5)_clockticks,516487370
pcm_data,2024-11-13 16:27:11,__desktop-qb9csk1_pcm_core_counters(4)_clockticks,516970051
pcm_data,2024-11-13 16:27:11,__desktop-qb9csk1_pcm_core_counters(3)_clockticks,452871247
pcm_data,2024-11-13 16:27:11,__desktop-qb9csk1_pcm_core_counters(2)_clockticks,453143870
pcm_data,2024-11-13 16:27:11,__desktop-qb9csk1_pcm_core_counters(1)_clockticks,617853865
pcm_data,2024-11-13 16:27:11,__desktop-qb9csk1_pcm_core_counters(0)_clockticks,618210732
pcm_data,2024-11-13 16:27:11,__desktop-qb9csk1_pcm_core_counters(total_)_instructions_retired,2349853066
pcm_data,2024-11-13 16:27:11,__desktop-qb9csk1_pcm_core_counters(socket0)_instructions_retired,2349853066
pcm_data,2024-11-13 16:27:11,__desktop-qb9csk1_pcm_core_counters(7)_instructions_retired,211842115
pcm_data,2024-11-13 16:27:11,__desktop-qb9csk1_pcm_core_counters(6)_instructions_retired,211984910
pcm_data,2024-11-13 16:27:11,__desktop-qb9csk1_pcm_core_counters(5)_instructions_retired,372081092
pcm_data,2024-11-13 16:27:11,__desktop-qb9csk1_pcm_core_counters(4)_instructions_retired,372229400
pcm_data,2024-11-13 16:27:11,__desktop-qb9csk1_pcm_core_counters(3)_instructions_retired,298501191
pcm_data,2024-11-13 16:27:11,__desktop-qb9csk1_pcm_core_counters(2)_instructions_retired,298420507
pcm_data,2024-11-13 16:27:11,__desktop-qb9csk1_pcm_core_counters(1)_instructions_retired,292407020
pcm_data,2024-11-13 16:27:11,__desktop-qb9csk1_pcm_core_counters(0)_instructions_retired,292386831
pcm_data,2024-11-13 16:27:11,__desktop-qb9csk1_pcm_core_counters(total_)_l2_cache_misses,6768754
pcm_data,2024-11-13 16:27:11,__desktop-qb9csk1_pcm_core_counters(socket0)_l2_cache_misses,6768754
pcm_data,2024-11-13 16:27:11,__desktop-qb9csk1_pcm_core_counters(7)_l2_cache_misses,863857
pcm_data,2024-11-13 16:27:11,__desktop-qb9csk1_pcm_core_counters(6)_l2_cache_misses,573142
pcm_data,2024-11-13 16:27:11,__desktop-qb9csk1_pcm_core_counters(5)_l2_cache_misses,552006
pcm_data,2024-11-13 16:27:11,__desktop-qb9csk1_pcm_core_counters(4)_l2_cache_misses,1064526
pcm_data,2024-11-13 16:27:11,__desktop-qb9csk1_pcm_core_counters(3)_l2_cache_misses,632707
pcm_data,2024-11-13 16:27:11,__desktop-qb9csk1_pcm_core_counters(2)_l2_cache_misses,896239
pcm_data,2024-11-13 16:27:11,__desktop-qb9csk1_pcm_core_counters(1)_l2_cache_misses,460575
pcm_data,2024-11-13 16:27:11,__desktop-qb9csk1_pcm_core_counters(0)_l2_cache_misses,1725702
pcm_data,2024-11-13 16:27:11,__desktop-qb9csk1_pcm_core_counters(total_)_l3_cache_misses,1686770
pcm_data,2024-11-13 16:27:11,__desktop-qb9csk1_pcm_core_counters(socket0)_l3_cache_misses,1686770
pcm_data,2024-11-13 16:27:11,__desktop-qb9csk1_pcm_core_counters(7)_l3_cache_misses,239745
pcm_data,2024-11-13 16:27:11,__desktop-qb9csk1_pcm_core_counters(6)_l3_cache_misses,152114
pcm_data,2024-11-13 16:27:11,__desktop-qb9csk1_pcm_core_counters(5)_l3_cache_misses,99841
pcm_data,2024-11-13 16:27:11,__desktop-qb9csk1_pcm_core_counters(4)_l3_cache_misses,329333
pcm_data,2024-11-13 16:27:11,__desktop-qb9csk1_pcm_core_counters(3)_l3_cache_misses,128032
pcm_data,2024-11-13 16:27:11,__desktop-qb9csk1_pcm_core_counters(2)_l3_cache_misses,242449
pcm_data,2024-11-13 16:27:11,__desktop-qb9csk1_pcm_core_counters(1)_l3_cache_misses,122369
pcm_data,2024-11-13 16:27:11,__desktop-qb9csk1_pcm_core_counters(0)_l3_cache_misses,372887
pcm_data,2024-11-13 16:27:11,__desktop-qb9csk1_pcm_core_counters(total_)_instructions_per_clocktick_(ipc),0.59504132231405
pcm_data,2024-11-13 16:27:11,__desktop-qb9csk1_pcm_core_counters(socket0)_instructions_per_clocktick_(ipc),0.59504132231405
pcm_data,2024-11-13 16:27:11,__desktop-qb9csk1_pcm_core_counters(7)_instructions_per_clocktick_(ipc),0.547796610169492
pcm_data,2024-11-13 16:27:11,__desktop-qb9csk1_pcm_core_counters(6)_instructions_per_clocktick_(ipc),0.547917372163901
pcm_data,2024-11-13 16:27:11,__desktop-qb9csk1_pcm_core_counters(5)_instructions_per_clocktick_(ipc),0.720121796498351
pcm_data,2024-11-13 16:27:11,__desktop-qb9csk1_pcm_core_counters(4)_instructions_per_clocktick_(ipc),0.719827586206897
pcm_data,2024-11-13 16:27:11,__desktop-qb9csk1_pcm_core_counters(3)_instructions_per_clocktick_(ipc),0.65904486251809
pcm_data,2024-11-13 16:27:11,__desktop-qb9csk1_pcm_core_counters(2)_instructions_per_clocktick_(ipc),0.658663581139717
pcm_data,2024-11-13 16:27:11,__desktop-qb9csk1_pcm_core_counters(1)_instructions_per_clocktick_(ipc),0.473271107339839
pcm_data,2024-11-13 16:27:11,__desktop-qb9csk1_pcm_core_counters(0)_instructions_per_clocktick_(ipc),0.472970108119568
pcm_data,2024-11-13 16:27:11,__desktop-qb9csk1_pcm_core_counters(total_)_relative_frequency_(%),11.7532095167878
pcm_data,2024-11-13 16:27:11,__desktop-qb9csk1_pcm_core_counters(socket0)_relative_frequency_(%),11.7532095167878
pcm_data,2024-11-13 16:27:11,__desktop-qb9csk1_pcm_core_counters(7)_relative_frequency_(%),9.20637892831508
pcm_data,2024-11-13 16:27:11,__desktop-qb9csk1_pcm_core_counters(6)_relative_frequency_(%),9.21574134756421
pcm_data,2024-11-13 16:27:11,__desktop-qb9csk1_pcm_core_counters(5)_relative_frequency_(%),12.2990980869457
pcm_data,2024-11-13 16:27:11,__desktop-qb9csk1_pcm_core_counters(4)_relative_frequency_(%),12.3084605061948
pcm_data,2024-11-13 16:27:11,__desktop-qb9csk1_pcm_core_counters(3)_relative_frequency_(%),10.782386168586
pcm_data,2024-11-13 16:27:11,__desktop-qb9csk1_pcm_core_counters(2)_relative_frequency_(%),10.7886277814187
pcm_data,2024-11-13 16:27:11,__desktop-qb9csk1_pcm_core_counters(1)_relative_frequency_(%),14.7114814468059
pcm_data,2024-11-13 16:27:11,__desktop-qb9csk1_pcm_core_counters(0)_relative_frequency_(%),14.720843866055
pcm_data,2024-11-13 16:27:11,__desktop-qb9csk1_pcm_core_counters(total_)_thermal_headroom_below_tjmax,1.84467440715621E+19
pcm_data,2024-11-13 16:27:11,__desktop-qb9csk1_pcm_core_counters(socket0)_thermal_headroom_below_tjmax,26
pcm_data,2024-11-13 16:27:11,__desktop-qb9csk1_pcm_core_counters(7)_thermal_headroom_below_tjmax,28
pcm_data,2024-11-13 16:27:11,__desktop-qb9csk1_pcm_core_counters(6)_thermal_headroom_below_tjmax,28
pcm_data,2024-11-13 16:27:11,__desktop-qb9csk1_pcm_core_counters(5)_thermal_headroom_below_tjmax,28
pcm_data,2024-11-13 16:27:11,__desktop-qb9csk1_pcm_core_counters(4)_thermal_headroom_below_tjmax,28
pcm_data,2024-11-13 16:27:11,__desktop-qb9csk1_pcm_core_counters(3)_thermal_headroom_below_tjmax,28
pcm_data,2024-11-13 16:27:11,__desktop-qb9csk1_pcm_core_counters(2)_thermal_headroom_below_tjmax,28
pcm_data,2024-11-13 16:27:11,__desktop-qb9csk1_pcm_core_counters(1)_thermal_headroom_below_tjmax,27
pcm_data,2024-11-13 16:27:11,__desktop-qb9csk1_pcm_core_counters(0)_thermal_headroom_below_tjmax,27
pcm_data,2024-11-13 16:27:11,__desktop-qb9csk1_pcm_core_counters(total_)_core_c0-state_residency_(%),18.7
pcm_data,2024-11-13 16:27:11,__desktop-qb9csk1_pcm_core_counters(socket0)_core_c0-state_residency_(%),18.7
pcm_data,2024-11-13 16:27:11,__desktop-qb9csk1_pcm_core_counters(7)_core_c0-state_residency_(%),15.1
pcm_data,2024-11-13 16:27:11,__desktop-qb9csk1_pcm_core_counters(6)_core_c0-state_residency_(%),15.2
pcm_data,2024-11-13 16:27:11,__desktop-qb9csk1_pcm_core_counters(5)_core_c0-state_residency_(%),18.7
pcm_data,2024-11-13 16:27:11,__desktop-qb9csk1_pcm_core_counters(4)_core_c0-state_residency_(%),18.7
pcm_data,2024-11-13 16:27:11,__desktop-qb9csk1_pcm_core_counters(3)_core_c0-state_residency_(%),17.1
pcm_data,2024-11-13 16:27:11,__desktop-qb9csk1_pcm_core_counters(2)_core_c0-state_residency_(%),17.1
pcm_data,2024-11-13 16:27:11,__desktop-qb9csk1_pcm_core_counters(1)_core_c0-state_residency_(%),23.9
pcm_data,2024-11-13 16:27:11,__desktop-qb9csk1_pcm_core_counters(0)_core_c0-state_residency_(%),23.9
pcm_data,2024-11-13 16:27:11,__desktop-qb9csk1_pcm_core_counters(total_)_core_c1-state_residency_(%),4.5
pcm_data,2024-11-13 16:27:11,__desktop-qb9csk1_pcm_core_counters(socket0)_core_c1-state_residency_(%),4.5
pcm_data,2024-11-13 16:27:11,__desktop-qb9csk1_pcm_core_counters(7)_core_c1-state_residency_(%),3.7
pcm_data,2024-11-13 16:27:11,__desktop-qb9csk1_pcm_core_counters(6)_core_c1-state_residency_(%),3.7
pcm_data,2024-11-13 16:27:11,__desktop-qb9csk1_pcm_core_counters(5)_core_c1-state_residency_(%),4
pcm_data,2024-11-13 16:27:11,__desktop-qb9csk1_pcm_core_counters(4)_core_c1-state_residency_(%),4
pcm_data,2024-11-13 16:27:11,__desktop-qb9csk1_pcm_core_counters(3)_core_c1-state_residency_(%),3.7
pcm_data,2024-11-13 16:27:11,__desktop-qb9csk1_pcm_core_counters(2)_core_c1-state_residency_(%),3.7
pcm_data,2024-11-13 16:27:11,__desktop-qb9csk1_pcm_core_counters(1)_core_c1-state_residency_(%),6.4
pcm_data,2024-11-13 16:27:11,__desktop-qb9csk1_pcm_core_counters(0)_core_c1-state_residency_(%),6.4
pcm_data,2024-11-13 16:27:11,__desktop-qb9csk1_pcm_core_counters(total_)_core_c3-state_residency_(%),0.6
pcm_data,2024-11-13 16:27:11,__desktop-qb9csk1_pcm_core_counters(socket0)_core_c3-state_residency_(%),0.6
pcm_data,2024-11-13 16:27:11,__desktop-qb9csk1_pcm_core_counters(7)_core_c3-state_residency_(%),0.9
pcm_data,2024-11-13 16:27:11,__desktop-qb9csk1_pcm_core_counters(6)_core_c3-state_residency_(%),0.9
pcm_data,2024-11-13 16:27:11,__desktop-qb9csk1_pcm_core_counters(5)_core_c3-state_residency_(%),0.1
pcm_data,2024-11-13 16:27:11,__desktop-qb9csk1_pcm_core_counters(4)_core_c3-state_residency_(%),0.1
pcm_data,2024-11-13 16:27:11,__desktop-qb9csk1_pcm_core_counters(3)_core_c3-state_residency_(%),0.6
pcm_data,2024-11-13 16:27:11,__desktop-qb9csk1_pcm_core_counters(2)_core_c3-state_residency_(%),0.6
pcm_data,2024-11-13 16:27:11,__desktop-qb9csk1_pcm_core_counters(1)_core_c3-state_residency_(%),0.6
pcm_data,2024-11-13 16:27:11,__desktop-qb9csk1_pcm_core_counters(0)_core_c3-state_residency_(%),0.6
pcm_data,2024-11-13 16:27:11,__desktop-qb9csk1_pcm_core_counters(total_)_core_c6-state_residency_(%),0
pcm_data,2024-11-13 16:27:11,__desktop-qb9csk1_pcm_core_counters(socket0)_core_c6-state_residency_(%),0
pcm_data,2024-11-13 16:27:11,__desktop-qb9csk1_pcm_core_counters(7)_core_c6-state_residency_(%),0
pcm_data,2024-11-13 16:27:11,__desktop-qb9csk1_pcm_core_counters(6)_core_c6-state_residency_(%),0
pcm_data,2024-11-13 16:27:11,__desktop-qb9csk1_pcm_core_counters(5)_core_c6-state_residency_(%),0
pcm_data,2024-11-13 16:27:11,__desktop-qb9csk1_pcm_core_counters(4)_core_c6-state_residency_(%),0
pcm_data,2024-11-13 16:27:11,__desktop-qb9csk1_pcm_core_counters(3)_core_c6-state_residency_(%),0
pcm_data,2024-11-13 16:27:11,__desktop-qb9csk1_pcm_core_counters(2)_core_c6-state_residency_(%),0
pcm_data,2024-11-13 16:27:11,__desktop-qb9csk1_pcm_core_counters(1)_core_c6-state_residency_(%),0
pcm_data,2024-11-13 16:27:11,__desktop-qb9csk1_pcm_core_counters(0)_core_c6-state_residency_(%),0
pcm_data,2024-11-13 16:27:11,__desktop-qb9csk1_pcm_core_counters(total_)_core_c7-state_residency_(%),76
pcm_data,2024-11-13 16:27:11,__desktop-qb9csk1_pcm_core_counters(socket0)_core_c7-state_residency_(%),76
pcm_data,2024-11-13 16:27:11,__desktop-qb9csk1_pcm_core_counters(7)_core_c7-state_residency_(%),80
pcm_data,2024-11-13 16:27:11,__desktop-qb9csk1_pcm_core_counters(6)_core_c7-state_residency_(%),80
pcm_data,2024-11-13 16:27:11,__desktop-qb9csk1_pcm_core_counters(5)_core_c7-state_residency_(%),77
pcm_data,2024-11-13 16:27:11,__desktop-qb9csk1_pcm_core_counters(4)_core_c7-state_residency_(%),77
pcm_data,2024-11-13 16:27:11,__desktop-qb9csk1_pcm_core_counters(3)_core_c7-state_residency_(%),78.3
pcm_data,2024-11-13 16:27:11,__desktop-qb9csk1_pcm_core_counters(2)_core_c7-state_residency_(%),78.3
pcm_data,2024-11-13 16:27:11,__desktop-qb9csk1_pcm_core_counters(1)_core_c7-state_residency_(%),68.8
pcm_data,2024-11-13 16:27:11,__desktop-qb9csk1_pcm_core_counters(0)_core_c7-state_residency_(%),68.8
pcm_data,2024-11-13 16:27:11,__desktop-qb9csk1_pcm_qpi_counters(total_)_qpi_link_bandwidth,0
pcm_data,2024-11-13 16:27:11,__desktop-qb9csk1_pcm_qpi_counters(socket0)_qpi_link_bandwidth,0
pcm_data,2024-11-13 16:27:11,__desktop-qb9csk1_pcm_socket_counters(total_)_memory_read_bandwidth,1339930798
pcm_data,2024-11-13 16:27:11,__desktop-qb9csk1_pcm_socket_counters(socket0)_memory_read_bandwidth,1339930798
pcm_data,2024-11-13 16:27:11,__desktop-qb9csk1_pcm_socket_counters(total_)_memory_write_bandwidth,222714135
pcm_data,2024-11-13 16:27:11,__desktop-qb9csk1_pcm_socket_counters(socket0)_memory_write_bandwidth,222714135
pcm_data,2024-11-13 16:27:11,__desktop-qb9csk1_pcm_socket_counters(total_)_package/socket_consumed_energy,11
pcm_data,2024-11-13 16:27:11,__desktop-qb9csk1_pcm_socket_counters(socket0)_package/socket_consumed_energy,11
pcm_data,2024-11-13 16:27:11,__desktop-qb9csk1_pcm_socket_counters(total_)_dram/memory_consumed_energy,0
pcm_data,2024-11-13 16:27:11,__desktop-qb9csk1_pcm_socket_counters(socket0)_dram/memory_consumed_energy,0
pcm_data,2024-11-13 16:27:11,__desktop-qb9csk1_pcm_socket_counters(total_)_package_c0-state_residency_(%),100
pcm_data,2024-11-13 16:27:11,__desktop-qb9csk1_pcm_socket_counters(socket0)_package_c0-state_residency_(%),100
pcm_data,2024-11-13 16:27:11,__desktop-qb9csk1_pcm_socket_counters(total_)_package_c2-state_residency_(%),0
pcm_data,2024-11-13 16:27:11,__desktop-qb9csk1_pcm_socket_counters(socket0)_package_c2-state_residency_(%),0
pcm_data,2024-11-13 16:27:11,__desktop-qb9csk1_pcm_socket_counters(total_)_package_c3-state_residency_(%),0
pcm_data,2024-11-13 16:27:11,__desktop-qb9csk1_pcm_socket_counters(socket0)_package_c3-state_residency_(%),0
pcm_data,2024-11-13 16:27:11,__desktop-qb9csk1_pcm_socket_counters(total_)_package_c6-state_residency_(%),0
pcm_data,2024-11-13 16:27:11,__desktop-qb9csk1_pcm_socket_counters(socket0)_package_c6-state_residency_(%),0
pcm_data,2024-11-13 16:27:11,__desktop-qb9csk1_pcm_socket_counters(total_)_package_c7-state_residency_(%),0
pcm_data,2024-11-13 16:27:11,__desktop-qb9csk1_pcm_socket_counters(socket0)_package_c7-state_residency_(%),0
pcm_data,2024-11-13 16:27:11,__desktop-qb9csk1_pcm_socket_counters(total_)_package_c8-state_residency_(%),0
pcm_data,2024-11-13 16:27:11,__desktop-qb9csk1_pcm_socket_counters(socket0)_package_c8-state_residency_(%),0
pcm_data,2024-11-13 16:27:11,__desktop-qb9csk1_pcm_socket_counters(total_)_package_c9-state_residency_(%),0
pcm_data,2024-11-13 16:27:11,__desktop-qb9csk1_pcm_socket_counters(socket0)_package_c9-state_residency_(%),0
pcm_data,2024-11-13 16:27:11,__desktop-qb9csk1_pcm_socket_counters(total_)_package_c10-state_residency_(%),0
pcm_data,2024-11-13 16:27:11,__desktop-qb9csk1_pcm_socket_counters(socket0)_package_c10-state_residency_(%),0
pcm_data,2024-11-13 16:27:22,__desktop-qb9csk1_pcm_core_counters(total_)_clockticks,4976124825
pcm_data,2024-11-13 16:27:22,__desktop-qb9csk1_pcm_core_counters(socket0)_clockticks,4976124825
pcm_data,2024-11-13 16:27:22,__desktop-qb9csk1_pcm_core_counters(7)_clockticks,558026636
pcm_data,2024-11-13 16:27:22,__desktop-qb9csk1_pcm_core_counters(6)_clockticks,558200195
pcm_data,2024-11-13 16:27:22,__desktop-qb9csk1_pcm_core_counters(5)_clockticks,533344056
pcm_data,2024-11-13 16:27:22,__desktop-qb9csk1_pcm_core_counters(4)_clockticks,533660342
pcm_data,2024-11-13 16:27:22,__desktop-qb9csk1_pcm_core_counters(3)_clockticks,687267371
pcm_data,2024-11-13 16:27:22,__desktop-qb9csk1_pcm_core_counters(2)_clockticks,687484736
pcm_data,2024-11-13 16:27:22,__desktop-qb9csk1_pcm_core_counters(1)_clockticks,708932976
pcm_data,2024-11-13 16:27:22,__desktop-qb9csk1_pcm_core_counters(0)_clockticks,709208513
pcm_data,2024-11-13 16:27:22,__desktop-qb9csk1_pcm_core_counters(total_)_instructions_retired,2468297472
pcm_data,2024-11-13 16:27:22,__desktop-qb9csk1_pcm_core_counters(socket0)_instructions_retired,2468297472
pcm_data,2024-11-13 16:27:22,__desktop-qb9csk1_pcm_core_counters(7)_instructions_retired,257678916
pcm_data,2024-11-13 16:27:22,__desktop-qb9csk1_pcm_core_counters(6)_instructions_retired,257624532
pcm_data,2024-11-13 16:27:22,__desktop-qb9csk1_pcm_core_counters(5)_instructions_retired,240129297
pcm_data,2024-11-13 16:27:22,__desktop-qb9csk1_pcm_core_counters(4)_instructions_retired,240066729
pcm_data,2024-11-13 16:27:22,__desktop-qb9csk1_pcm_core_counters(3)_instructions_retired,387700964
pcm_data,2024-11-13 16:27:22,__desktop-qb9csk1_pcm_core_counters(2)_instructions_retired,387788328
pcm_data,2024-11-13 16:27:22,__desktop-qb9csk1_pcm_core_counters(1)_instructions_retired,348675582
pcm_data,2024-11-13 16:27:22,__desktop-qb9csk1_pcm_core_counters(0)_instructions_retired,348633124
pcm_data,2024-11-13 16:27:22,__desktop-qb9csk1_pcm_core_counters(total_)_l2_cache_misses,9201545
pcm_data,2024-11-13 16:27:22,__desktop-qb9csk1_pcm_core_counters(socket0)_l2_cache_misses,9201545
pcm_data,2024-11-13 16:27:22,__desktop-qb9csk1_pcm_core_counters(7)_l2_cache_misses,1393804
pcm_data,2024-11-13 16:27:22,__desktop-qb9csk1_pcm_core_counters(6)_l2_cache_misses,754083
pcm_data,2024-11-13 16:27:22,__desktop-qb9csk1_pcm_core_counters(5)_l2_cache_misses,604676
pcm_data,2024-11-13 16:27:22,__desktop-qb9csk1_pcm_core_counters(4)_l2_cache_misses,1399420
pcm_data,2024-11-13 16:27:22,__desktop-qb9csk1_pcm_core_counters(3)_l2_cache_misses,726972
pcm_data,2024-11-13 16:27:22,__desktop-qb9csk1_pcm_core_counters(2)_l2_cache_misses,1657163
pcm_data,2024-11-13 16:27:22,__desktop-qb9csk1_pcm_core_counters(1)_l2_cache_misses,697342
pcm_data,2024-11-13 16:27:22,__desktop-qb9csk1_pcm_core_counters(0)_l2_cache_misses,1968085
pcm_data,2024-11-13 16:27:22,__desktop-qb9csk1_pcm_core_counters(total_)_l3_cache_misses,2127724
pcm_data,2024-11-13 16:27:22,__desktop-qb9csk1_pcm_core_counters(socket0)_l3_cache_misses,2127724
pcm_data,2024-11-13 16:27:22,__desktop-qb9csk1_pcm_core_counters(7)_l3_cache_misses,422607
pcm_data,2024-11-13 16:27:22,__desktop-qb9csk1_pcm_core_counters(6)_l3_cache_misses,178268
pcm_data,2024-11-13 16:27:22,__desktop-qb9csk1_pcm_core_counters(5)_l3_cache_misses,161836
pcm_data,2024-11-13 16:27:22,__desktop-qb9csk1_pcm_core_counters(4)_l3_cache_misses,277083
pcm_data,2024-11-13 16:27:22,__desktop-qb9csk1_pcm_core_counters(3)_l3_cache_misses,204189
pcm_data,2024-11-13 16:27:22,__desktop-qb9csk1_pcm_core_counters(2)_l3_cache_misses,279593
pcm_data,2024-11-13 16:27:22,__desktop-qb9csk1_pcm_core_counters(1)_l3_cache_misses,161041
pcm_data,2024-11-13 16:27:22,__desktop-qb9csk1_pcm_core_counters(0)_l3_cache_misses,443107
pcm_data,2024-11-13 16:27:22,__desktop-qb9csk1_pcm_core_counters(total_)_instructions_per_clocktick_(ipc),0.496035822468063
pcm_data,2024-11-13 16:27:22,__desktop-qb9csk1_pcm_core_counters(socket0)_instructions_per_clocktick_(ipc),0.496035822468063
pcm_data,2024-11-13 16:27:22,__desktop-qb9csk1_pcm_core_counters(7)_instructions_per_clocktick_(ipc),0.461827578106648
pcm_data,2024-11-13 16:27:22,__desktop-qb9csk1_pcm_core_counters(6)_instructions_per_clocktick_(ipc),0.46137590983799
pcm_data,2024-11-13 16:27:22,__desktop-qb9csk1_pcm_core_counters(5)_instructions_per_clocktick_(ipc),0.45023347259769
pcm_data,2024-11-13 16:27:22,__desktop-qb9csk1_pcm_core_counters(4)_instructions_per_clocktick_(ipc),0.450012281994596
pcm_data,2024-11-13 16:27:22,__desktop-qb9csk1_pcm_core_counters(3)_instructions_per_clocktick_(ipc),0.564073226544622
pcm_data,2024-11-13 16:27:22,__desktop-qb9csk1_pcm_core_counters(2)_instructions_per_clocktick_(ipc),0.563965681601525
pcm_data,2024-11-13 16:27:22,__desktop-qb9csk1_pcm_core_counters(1)_instructions_per_clocktick_(ipc),0.491863905325444
pcm_data,2024-11-13 16:27:22,__desktop-qb9csk1_pcm_core_counters(0)_instructions_per_clocktick_(ipc),0.491406394381815
pcm_data,2024-11-13 16:27:22,__desktop-qb9csk1_pcm_core_counters(total_)_relative_frequency_(%),14.810003627895
pcm_data,2024-11-13 16:27:22,__desktop-qb9csk1_pcm_core_counters(socket0)_relative_frequency_(%),14.810003627895
pcm_data,2024-11-13 16:27:22,__desktop-qb9csk1_pcm_core_counters(7)_relative_frequency_(%),13.2852729145211
pcm_data,2024-11-13 16:27:22,__desktop-qb9csk1_pcm_core_counters(6)_relative_frequency_(%),13.2915145273539
pcm_data,2024-11-13 16:27:22,__desktop-qb9csk1_pcm_core_counters(5)_relative_frequency_(%),12.698561308242
pcm_data,2024-11-13 16:27:22,__desktop-qb9csk1_pcm_core_counters(4)_relative_frequency_(%),12.7048029210748
pcm_data,2024-11-13 16:27:22,__desktop-qb9csk1_pcm_core_counters(3)_relative_frequency_(%),16.3655088474862
pcm_data,2024-11-13 16:27:22,__desktop-qb9csk1_pcm_core_counters(2)_relative_frequency_(%),16.3686296539026
pcm_data,2024-11-13 16:27:22,__desktop-qb9csk1_pcm_core_counters(1)_relative_frequency_(%),16.8773210997722
pcm_data,2024-11-13 16:27:22,__desktop-qb9csk1_pcm_core_counters(0)_relative_frequency_(%),16.8866835190213
pcm_data,2024-11-13 16:27:22,__desktop-qb9csk1_pcm_core_counters(total_)_thermal_headroom_below_tjmax,1.84467440715621E+19
pcm_data,2024-11-13 16:27:22,__desktop-qb9csk1_pcm_core_counters(socket0)_thermal_headroom_below_tjmax,23
pcm_data,2024-11-13 16:27:22,__desktop-qb9csk1_pcm_core_counters(7)_thermal_headroom_below_tjmax,26
pcm_data,2024-11-13 16:27:22,__desktop-qb9csk1_pcm_core_counters(6)_thermal_headroom_below_tjmax,26
pcm_data,2024-11-13 16:27:22,__desktop-qb9csk1_pcm_core_counters(5)_thermal_headroom_below_tjmax,26
pcm_data,2024-11-13 16:27:22,__desktop-qb9csk1_pcm_core_counters(4)_thermal_headroom_below_tjmax,26
pcm_data,2024-11-13 16:27:22,__desktop-qb9csk1_pcm_core_counters(3)_thermal_headroom_below_tjmax,23
pcm_data,2024-11-13 16:27:22,__desktop-qb9csk1_pcm_core_counters(2)_thermal_headroom_below_tjmax,23
pcm_data,2024-11-13 16:27:22,__desktop-qb9csk1_pcm_core_counters(1)_thermal_headroom_below_tjmax,25
pcm_data,2024-11-13 16:27:22,__desktop-qb9csk1_pcm_core_counters(0)_thermal_headroom_below_tjmax,25
pcm_data,2024-11-13 16:27:22,__desktop-qb9csk1_pcm_core_counters(total_)_core_c0-state_residency_(%),23.3
pcm_data,2024-11-13 16:27:22,__desktop-qb9csk1_pcm_core_counters(socket0)_core_c0-state_residency_(%),23.3
pcm_data,2024-11-13 16:27:22,__desktop-qb9csk1_pcm_core_counters(7)_core_c0-state_residency_(%),20.6
pcm_data,2024-11-13 16:27:22,__desktop-qb9csk1_pcm_core_counters(6)_core_c0-state_residency_(%),20.7
pcm_data,2024-11-13 16:27:22,__desktop-qb9csk1_pcm_core_counters(5)_core_c0-state_residency_(%),18.8
pcm_data,2024-11-13 16:27:22,__desktop-qb9csk1_pcm_core_counters(4)_core_c0-state_residency_(%),18.8
pcm_data,2024-11-13 16:27:22,__desktop-qb9csk1_pcm_core_counters(3)_core_c0-state_residency_(%),25.8
pcm_data,2024-11-13 16:27:22,__desktop-qb9csk1_pcm_core_counters(2)_core_c0-state_residency_(%),25.8
pcm_data,2024-11-13 16:27:22,__desktop-qb9csk1_pcm_core_counters(1)_core_c0-state_residency_(%),28
pcm_data,2024-11-13 16:27:22,__desktop-qb9csk1_pcm_core_counters(0)_core_c0-state_residency_(%),28
pcm_data,2024-11-13 16:27:22,__desktop-qb9csk1_pcm_core_counters(total_)_core_c1-state_residency_(%),12.4
pcm_data,2024-11-13 16:27:22,__desktop-qb9csk1_pcm_core_counters(socket0)_core_c1-state_residency_(%),12.4
pcm_data,2024-11-13 16:27:22,__desktop-qb9csk1_pcm_core_counters(7)_core_c1-state_residency_(%),11.7
pcm_data,2024-11-13 16:27:22,__desktop-qb9csk1_pcm_core_counters(6)_core_c1-state_residency_(%),11.7
pcm_data,2024-11-13 16:27:22,__desktop-qb9csk1_pcm_core_counters(5)_core_c1-state_residency_(%),13.9
pcm_data,2024-11-13 16:27:22,__desktop-qb9csk1_pcm_core_counters(4)_core_c1-state_residency_(%),13.9
pcm_data,2024-11-13 16:27:22,__desktop-qb9csk1_pcm_core_counters(3)_core_c1-state_residency_(%),13
pcm_data,2024-11-13 16:27:22,__desktop-qb9csk1_pcm_core_counters(2)_core_c1-state_residency_(%),13
pcm_data,2024-11-13 16:27:22,__desktop-qb9csk1_pcm_core_counters(1)_core_c1-state_residency_(%),11.1
pcm_data,2024-11-13 16:27:22,__desktop-qb9csk1_pcm_core_counters(0)_core_c1-state_residency_(%),11.1
pcm_data,2024-11-13 16:27:22,__desktop-qb9csk1_pcm_core_counters(total_)_core_c3-state_residency_(%),2.4
pcm_data,2024-11-13 16:27:22,__desktop-qb9csk1_pcm_core_counters(socket0)_core_c3-state_residency_(%),2.4
pcm_data,2024-11-13 16:27:22,__desktop-qb9csk1_pcm_core_counters(7)_core_c3-state_residency_(%),1.3
pcm_data,2024-11-13 16:27:22,__desktop-qb9csk1_pcm_core_counters(6)_core_c3-state_residency_(%),1.3
pcm_data,2024-11-13 16:27:22,__desktop-qb9csk1_pcm_core_counters(5)_core_c3-state_residency_(%),0
pcm_data,2024-11-13 16:27:22,__desktop-qb9csk1_pcm_core_counters(4)_core_c3-state_residency_(%),0
pcm_data,2024-11-13 16:27:22,__desktop-qb9csk1_pcm_core_counters(3)_core_c3-state_residency_(%),1.4
pcm_data,2024-11-13 16:27:22,__desktop-qb9csk1_pcm_core_counters(2)_core_c3-state_residency_(%),1.4
pcm_data,2024-11-13 16:27:22,__desktop-qb9csk1_pcm_core_counters(1)_core_c3-state_residency_(%),6.9
pcm_data,2024-11-13 16:27:22,__desktop-qb9csk1_pcm_core_counters(0)_core_c3-state_residency_(%),6.9
pcm_data,2024-11-13 16:27:22,__desktop-qb9csk1_pcm_core_counters(total_)_core_c6-state_residency_(%),0
pcm_data,2024-11-13 16:27:22,__desktop-qb9csk1_pcm_core_counters(socket0)_core_c6-state_residency_(%),0
pcm_data,2024-11-13 16:27:22,__desktop-qb9csk1_pcm_core_counters(7)_core_c6-state_residency_(%),0
pcm_data,2024-11-13 16:27:22,__desktop-qb9csk1_pcm_core_counters(6)_core_c6-state_residency_(%),0
pcm_data,2024-11-13 16:27:22,__desktop-qb9csk1_pcm_core_counters(5)_core_c6-state_residency_(%),0
pcm_data,2024-11-13 16:27:22,__desktop-qb9csk1_pcm_core_counters(4)_core_c6-state_residency_(%),0
pcm_data,2024-11-13 16:27:22,__desktop-qb9csk1_pcm_core_counters(3)_core_c6-state_residency_(%),0
pcm_data,2024-11-13 16:27:22,__desktop-qb9csk1_pcm_core_counters(2)_core_c6-state_residency_(%),0
pcm_data,2024-11-13 16:27:22,__desktop-qb9csk1_pcm_core_counters(1)_core_c6-state_residency_(%),0
pcm_data,2024-11-13 16:27:22,__desktop-qb9csk1_pcm_core_counters(0)_core_c6-state_residency_(%),0
pcm_data,2024-11-13 16:27:22,__desktop-qb9csk1_pcm_core_counters(total_)_core_c7-state_residency_(%),61.6
pcm_data,2024-11-13 16:27:22,__desktop-qb9csk1_pcm_core_counters(socket0)_core_c7-state_residency_(%),61.6
pcm_data,2024-11-13 16:27:22,__desktop-qb9csk1_pcm_core_counters(7)_core_c7-state_residency_(%),66.1
pcm_data,2024-11-13 16:27:22,__desktop-qb9csk1_pcm_core_counters(6)_core_c7-state_residency_(%),66.1
pcm_data,2024-11-13 16:27:22,__desktop-qb9csk1_pcm_core_counters(5)_core_c7-state_residency_(%),67
pcm_data,2024-11-13 16:27:22,__desktop-qb9csk1_pcm_core_counters(4)_core_c7-state_residency_(%),67
pcm_data,2024-11-13 16:27:22,__desktop-qb9csk1_pcm_core_counters(3)_core_c7-state_residency_(%),59.7
pcm_data,2024-11-13 16:27:22,__desktop-qb9csk1_pcm_core_counters(2)_core_c7-state_residency_(%),59.7
pcm_data,2024-11-13 16:27:22,__desktop-qb9csk1_pcm_core_counters(1)_core_c7-state_residency_(%),53.8
pcm_data,2024-11-13 16:27:22,__desktop-qb9csk1_pcm_core_counters(0)_core_c7-state_residency_(%),53.8
pcm_data,2024-11-13 16:27:22,__desktop-qb9csk1_pcm_qpi_counters(total_)_qpi_link_bandwidth,0
pcm_data,2024-11-13 16:27:22,__desktop-qb9csk1_pcm_qpi_counters(socket0)_qpi_link_bandwidth,0
pcm_data,2024-11-13 16:27:22,__desktop-qb9csk1_pcm_socket_counters(total_)_memory_read_bandwidth,1731175872
pcm_data,2024-11-13 16:27:22,__desktop-qb9csk1_pcm_socket_counters(socket0)_memory_read_bandwidth,1731175872
pcm_data,2024-11-13 16:27:22,__desktop-qb9csk1_pcm_socket_counters(total_)_memory_write_bandwidth,193911936
pcm_data,2024-11-13 16:27:22,__desktop-qb9csk1_pcm_socket_counters(socket0)_memory_write_bandwidth,193911936
pcm_data,2024-11-13 16:27:22,__desktop-qb9csk1_pcm_socket_counters(total_)_package/socket_consumed_energy,13
pcm_data,2024-11-13 16:27:22,__desktop-qb9csk1_pcm_socket_counters(socket0)_package/socket_consumed_energy,13
pcm_data,2024-11-13 16:27:22,__desktop-qb9csk1_pcm_socket_counters(total_)_dram/memory_consumed_energy,0
pcm_data,2024-11-13 16:27:22,__desktop-qb9csk1_pcm_socket_counters(socket0)_dram/memory_consumed_energy,0
pcm_data,2024-11-13 16:27:22,__desktop-qb9csk1_pcm_socket_counters(total_)_package_c0-state_residency_(%),100
pcm_data,2024-11-13 16:27:22,__desktop-qb9csk1_pcm_socket_counters(socket0)_package_c0-state_residency_(%),100
pcm_data,2024-11-13 16:27:22,__desktop-qb9csk1_pcm_socket_counters(total_)_package_c2-state_residency_(%),0
pcm_data,2024-11-13 16:27:22,__desktop-qb9csk1_pcm_socket_counters(socket0)_package_c2-state_residency_(%),0
pcm_data,2024-11-13 16:27:22,__desktop-qb9csk1_pcm_socket_counters(total_)_package_c3-state_residency_(%),0
pcm_data,2024-11-13 16:27:22,__desktop-qb9csk1_pcm_socket_counters(socket0)_package_c3-state_residency_(%),0
pcm_data,2024-11-13 16:27:22,__desktop-qb9csk1_pcm_socket_counters(total_)_package_c6-state_residency_(%),0
pcm_data,2024-11-13 16:27:22,__desktop-qb9csk1_pcm_socket_counters(socket0)_package_c6-state_residency_(%),0
pcm_data,2024-11-13 16:27:22,__desktop-qb9csk1_pcm_socket_counters(total_)_package_c7-state_residency_(%),0
pcm_data,2024-11-13 16:27:22,__desktop-qb9csk1_pcm_socket_counters(socket0)_package_c7-state_residency_(%),0
pcm_data,2024-11-13 16:27:22,__desktop-qb9csk1_pcm_socket_counters(total_)_package_c8-state_residency_(%),0
pcm_data,2024-11-13 16:27:22,__desktop-qb9csk1_pcm_socket_counters(socket0)_package_c8-state_residency_(%),0
pcm_data,2024-11-13 16:27:22,__desktop-qb9csk1_pcm_socket_counters(total_)_package_c9-state_residency_(%),0
pcm_data,2024-11-13 16:27:22,__desktop-qb9csk1_pcm_socket_counters(socket0)_package_c9-state_residency_(%),0
pcm_data,2024-11-13 16:27:22,__desktop-qb9csk1_pcm_socket_counters(total_)_package_c10-state_residency_(%),0
pcm_data,2024-11-13 16:27:22,__desktop-qb9csk1_pcm_socket_counters(socket0)_package_c10-state_residency_(%),0
